date,total_cases,new_cases,new_cases_smoothed,total_deaths,new_deaths,new_deaths_smoothed,total_cases_per_million,new_cases_per_million,new_cases_smoothed_per_million,total_deaths_per_million,new_deaths_per_million,new_deaths_smoothed_per_million,reproduction_rate,icu_patients,icu_patients_per_million,hosp_patients,hosp_patients_per_million,weekly_icu_admissions,weekly_icu_admissions_per_million,weekly_hosp_admissions,weekly_hosp_admissions_per_million,new_tests,total_tests,total_tests_per_thousand,new_tests_per_thousand,new_tests_smoothed,new_tests_smoothed_per_thousand,positive_rate,tests_per_case,tests_units,total_vaccinations,people_vaccinated,people_fully_vaccinated,new_vaccinations,new_vaccinations_smoothed,total_vaccinations_per_hundred,people_vaccinated_per_hundred,people_fully_vaccinated_per_hundred,new_vaccinations_smoothed_per_million,stringency_index,population,population_density,median_age,aged_65_older,aged_70_older,gdp_per_capita,extreme_poverty,cardiovasc_death_rate,diabetes_prevalence,female_smokers,male_smokers,handwashing_facilities,hospital_beds_per_thousand,life_expectancy,human_development_index,excess_mortality
2020-12-14T00:00:00Z,1.66E+07,194314,216957,305274,1656,2566.571,50235.755,587.047,655.454,922.271,5.003,7.754,1.05,25560,77.22,109674,331.339,,,,,1491318,2.29E+08,690.555,4.505,1818794,5.495,0.12,8.3,tests performed,,,,,,,,,,71.76,3.31E+08,35.608,38.3,15.413,9.732,54225.446,1.2,151.089,10.79,19.1,24.6,,2.77,78.86,0.926,
2020-12-15T00:00:00Z,1.68E+07,208992,214748.429,308365,3091,2633.571,50867.146,631.391,648.782,931.609,9.338,7.956,1.04,25812,77.981,110978,335.278,,,,,1942406,2.31E+08,696.423,5.868,1823044,5.508,0.117,8.5,tests performed,,,,,,,,,,71.76,3.31E+08,35.608,38.3,15.413,9.732,54225.446,1.2,151.089,10.79,19.1,24.6,,2.77,78.86,0.926,
2020-12-16T00:00:00Z,1.71E+07,246644,218176.429,312045,3680,2705.143,51612.288,745.142,659.138,942.727,11.118,8.173,1.04,25970,78.459,111984,338.318,,,,,2075056,2.33E+08,702.692,6.269,1816271,5.487,0.118,8.5,tests performed,,,,,,,,,,71.76,3.31E+08,35.608,38.3,15.413,9.732,54225.446,1.2,151.089,10.79,19.1,24.6,,2.77,78.86,0.926,
2020-12-17T00:00:00Z,1.73E+07,239900,219386.714,315544,3499,2777.286,52337.056,724.768,662.794,953.298,10.571,8.391,1.03,25890,78.217,112422,339.641,,,,,2050453,2.35E+08,708.887,6.195,1797714,5.431,0.121,8.3,tests performed,,,,,,,,,,71.76,3.31E+08,35.608,38.3,15.413,9.732,54225.446,1.2,151.089,10.79,19.1,24.6,,2.77,78.86,0.926,
2020-12-18T00:00:00Z,1.76E+07,251832,221064.286,318513,2969,2714.857,53097.871,760.816,667.863,962.267,8.97,8.202,1.02,25948,78.392,112091,338.641,,,,,2019883,2.37E+08,714.989,6.102,1792755,5.416,0.12,8.3,tests performed,,,,,,,,,,71.76,3.31E+08,35.608,38.3,15.413,9.732,54225.446,1.2,151.089,10.79,19.1,24.6,,2.77,78.86,0.926,
2020-12-19T00:00:00Z,1.78E+07,192102,217393.571,321186,2673,2743.286,53678.235,580.364,656.773,970.343,8.075,8.288,0.99,25802,77.951,111066,335.544,,,,,1710198,2.38E+08,720.156,5.167,1791145,5.411,0.119,8.4,tests performed,,,,,,,,,,71.76,3.31E+08,35.608,38.3,15.413,9.732,54225.446,1.2,151.089,10.79,19.1,24.6,,2.77,78.86,0.926,
2020-12-20T00:00:00Z,1.80E+07,188015,217399.857,322916,1730,2756.857,54246.252,568.017,656.792,975.569,5.227,8.329,0.99,26055,78.715,112375,339.499,,,104949,317.064,1275553,2.40E+08,724.009,3.854,1794981,5.423,0.118,8.5,tests performed,556208,556208,,,,0.17,0.17,,,71.76,3.31E+08,35.608,38.3,15.413,9.732,54225.446,1.2,151.089,10.79,19.1,24.6,,2.77,78.86,0.926,46.66
2020-12-21T00:00:00Z,1.82E+07,198703,218026.857,324820,1904,2792.286,54846.558,600.306,658.686,981.321,5.752,8.436,0.97,26429,79.845,114615,346.266,,,,317.064,1525812,2.41E+08,728.619,4.61,1799909,5.438,0.116,8.6,tests performed,614117,614117,,57909,57909,0.18,0.18,,173,71.76,3.31E+08,35.608,38.3,15.413,9.732,54225.446,1.2,151.089,10.79,19.1,24.6,,2.77,78.86,0.926,
2020-12-22T00:00:00Z,1.84E+07,198107,216471.857,328216,3396,2835.857,55445.064,598.506,653.988,991.581,10.26,8.567,0.95,26729,80.752,117492,354.958,,,,317.064,1985408,2.43E+08,734.617,5.998,1806052,5.456,0.116,8.6,tests performed,,,,,127432,,,,381,71.76,3.31E+08,35.608,38.3,15.413,9.732,54225.446,1.2,151.089,10.79,19.1,24.6,,2.77,78.86,0.926,
2020-12-23T00:00:00Z,1.86E+07,229624,214040.429,331641,3425,2799.429,56138.787,693.723,646.643,1001.929,10.347,8.457,0.94,26925,81.344,118075,356.719,,,,317.064,2276884,2.45E+08,741.496,6.879,1834884,5.543,0.114,8.8,tests performed,1008025,1008025,,,150606,0.3,0.3,,450,71.76,3.31E+08,35.608,38.3,15.413,9.732,54225.446,1.2,151.089,10.79,19.1,24.6,,2.77,78.86,0.926,
2020-12-24T00:00:00Z,1.88E+07,194155,207505.429,334540,2899,2713.714,56725.353,586.566,626.9,1010.687,8.758,8.198,0.92,26711,80.697,116237,351.166,,,,317.064,1889941,2.47E+08,747.206,5.71,1811954,5.474,0.112,8.9,tests performed,,,,,191001,,,,571,71.76,3.31E+08,35.608,38.3,15.413,9.732,54225.446,1.2,151.089,10.79,19.1,24.6,,2.77,78.86,0.926,
2020-12-25T00:00:00Z,1.89E+07,97880,185512.286,335995,1455,2497.429,57021.061,295.708,560.456,1015.083,4.396,7.545,0.91,26556,80.229,113455,342.762,,,,317.064,1072979,2.48E+08,750.447,3.242,1676682,5.065,0.114,8.8,tests performed,,,,,215238,,,,644,71.76,3.31E+08,35.608,38.3,15.413,9.732,54225.446,1.2,151.089,10.79,19.1,24.6,,2.77,78.86,0.926,
2020-12-26T00:00:00Z,1.91E+07,226416,190414.286,337884,1889,2385.429,57705.091,684.031,575.265,1020.789,5.707,7.207,0.94,26732,80.761,115483,348.888,,,,317.064,981375,2.49E+08,753.412,2.965,1572565,4.751,0.118,8.5,tests performed,1944585,1944585,,,231396,0.58,0.58,,692,71.76,3.31E+08,35.608,38.3,15.413,9.732,54225.446,1.2,151.089,10.79,19.1,24.6,,2.77,78.86,0.926,
2020-12-27T00:00:00Z,1.93E+07,155845,185818.571,339321,1437,2343.571,58175.918,470.827,561.381,1025.131,4.341,7.08,0.97,27060,81.752,118953,359.372,,,106297,321.136,936579,2.50E+08,756.242,2.83,1524140,4.605,0.116,8.6,tests performed,,,,,211379,,,,632,71.76,3.31E+08,35.608,38.3,15.413,9.732,54225.446,1.2,151.089,10.79,19.1,24.6,,2.77,78.86,0.926,47.13
2020-12-28T00:00:00Z,1.94E+07,174152,182311.286,341329,2008,2358.429,58702.053,526.135,550.785,1031.197,6.066,7.125,1,27515,83.126,121394,366.746,,,,321.136,1282138,2.52E+08,760.115,3.873,1489329,4.499,0.12,8.3,tests performed,2127143,2127143,,,216147,0.64,0.64,,646,71.76,3.31E+08,35.608,38.3,15.413,9.732,54225.446,1.2,151.089,10.79,19.1,24.6,,2.77,78.86,0.926,
2020-12-29T00:00:00Z,1.96E+07,200408,182640,344944,3615,2389.714,59307.511,605.457,551.778,1042.119,10.921,7.22,1.03,27779,83.924,122629,370.477,,,,321.136,1856074,2.53E+08,765.722,5.607,1470853,4.444,0.124,8.1,tests performed,,,,,235685,,,,705,71.76,3.31E+08,35.608,38.3,15.413,9.732,54225.446,1.2,151.089,10.79,19.1,24.6,,2.77,78.86,0.926,
2020-12-30T00:00:00Z,1.99E+07,233701,183222.429,348736,3792,2442.143,60013.55,706.04,553.538,1053.575,11.456,7.378,1.04,27696,83.673,123884,374.269,,,,321.136,2185470,2.56E+08,772.325,6.603,1457794,4.404,0.128,7.8,tests performed,2794588,2794588,,,255223,0.84,0.84,,763,71.76,3.31E+08,35.608,38.3,15.413,9.732,54225.446,1.2,151.089,10.79,19.1,24.6,,2.77,78.86,0.926,
2020-12-31T00:00:00Z,2.01E+07,235600,189143.143,352166,3430,2518,60725.327,711.777,571.425,1063.937,10.362,7.607,1.06,27747,83.827,123314,372.547,,,,321.136,1920246,2.58E+08,778.126,5.801,1462123,4.417,0.136,7.4,tests performed,,,,,278776,,,,834,71.76,3.31E+08,35.608,38.3,15.413,9.732,54225.446,1.2,151.089,10.79,19.1,24.6,,2.77,78.86,0.926,
2021-01-01T00:00:00Z,2.03E+07,153916,197148.286,354299,2133,2614.857,61190.326,464.999,595.609,1070.381,6.444,7.9,1.07,27470,82.99,121028,365.641,,,,321.136,1243288,2.59E+08,781.882,3.756,1486453,4.491,0.139,7.2,tests performed,,,,,302329,,,,904,71.76,3.31E+08,35.608,38.3,15.413,9.732,54225.446,1.2,151.089,10.79,19.1,24.6,,2.77,78.86,0.926,
2021-01-02T00:00:00Z,2.06E+07,300462,207726.286,356854,2555,2710,62098.059,907.733,627.567,1078.1,7.719,8.187,1.1,27614,83.425,122642,370.517,,,,321.136,1108574,2.60E+08,785.232,3.349,1504624,4.546,0.142,7,tests performed,4225756,4225756,,,325882,1.26,1.26,,974,71.76,3.31E+08,35.608,38.3,15.413,9.732,54225.446,1.2,151.089,10.79,19.1,24.6,,2.77,78.86,0.926,
2021-01-03T00:00:00Z,2.08E+07,208853,215298.857,358307,1453,2712.286,62729.03,630.971,650.445,1082.49,4.39,8.194,1.1,28005,84.607,125568,379.356,,,112158,338.843,1041696,2.61E+08,788.379,3.147,1519641,4.591,0.146,6.8,tests performed,,,,,336949,,,,1007,71.76,3.31E+08,35.608,38.3,15.413,9.732,54225.446,1.2,151.089,10.79,19.1,24.6,,2.77,78.86,0.926,51.56
2021-01-04T00:00:00Z,2.09E+07,184005,216706.429,360407,2100,2725.429,63284.932,555.902,654.697,1088.834,6.344,8.234,1.1,28264,85.389,127396,384.879,,,,338.843,1393298,2.62E+08,792.588,4.209,1535521,4.639,0.145,6.9,tests performed,4563260,4563260,,,348017,1.36,1.36,,1041,71.76,3.31E+08,35.608,38.3,15.413,9.732,54225.446,1.2,151.089,10.79,19.1,24.6,,2.77,78.86,0.926,
2021-01-05T00:00:00Z,2.12E+07,235042,221654.143,364095,3688,2735.857,63995.023,710.091,669.645,1099.976,11.142,8.265,1.11,28526,86.181,128826,389.199,,,,338.843,1953270,2.64E+08,798.489,5.901,1549406,4.681,0.146,6.8,tests performed,4836469,4836469,,273209,339372,1.45,1.45,,1015,71.76,3.31E+08,35.608,38.3,15.413,9.732,54225.446,1.2,151.089,10.79,19.1,24.6,,2.77,78.86,0.926,
2021-01-06T00:00:00Z,2.14E+07,255637,224787.857,367990,3895,2750.571,64767.334,772.311,679.112,1111.743,11.767,8.31,1.11,28607,86.425,129769,392.048,,,,338.843,2319313,2.67E+08,805.496,7.007,1568526,4.739,0.146,6.8,tests performed,5306797,5306797,,470328,358887,1.59,1.59,,1073,71.76,3.31E+08,35.608,38.3,15.413,9.732,54225.446,1.2,151.089,10.79,19.1,24.6,,2.77,78.86,0.926,
2021-01-07T00:00:00Z,2.17E+07,278337,230893.143,371996,4006,2832.857,65608.225,840.891,697.557,1123.846,12.103,8.558,1.11,28491,86.075,128782,389.066,,,,338.843,2252267,2.69E+08,812.3,6.804,1615958,4.882,0.143,7,tests performed,5919418,5919418,,612621,378253,1.77,1.77,,1131,71.76,3.31E+08,35.608,38.3,15.413,9.732,54225.446,1.2,151.089,10.79,19.1,24.6,,2.77,78.86,0.926,
2021-01-08T00:00:00Z,2.20E+07,295257,251084.714,376093,4097,3113.429,66500.233,892.008,758.558,1136.224,12.378,9.406,1.1,28366,85.697,127854,386.263,,,,338.843,2144346,2.71E+08,818.779,6.478,1744681,5.271,0.142,7,tests performed,6688231,6688231,,768813,419933,2,2,,1256,71.76,3.31E+08,35.608,38.3,15.413,9.732,54225.446,1.2,151.089,10.79,19.1,24.6,,2.77,78.86,0.926,
2021-01-09T00:00:00Z,2.23E+07,260967,245442.571,379397,3304,3220.429,67288.646,788.414,741.512,1146.205,9.982,9.729,1.07,28188,85.159,126384,381.822,,,,338.843,1712618,2.73E+08,823.953,5.174,1830973,5.532,0.135,7.4,tests performed,,,,,461263,,,,1379,71.76,3.31E+08,35.608,38.3,15.413,9.732,54225.446,1.2,151.089,10.79,19.1,24.6,,2.77,78.86,0.926,
2021-01-10T00:00:00Z,2.25E+07,213415,246094.286,381414,2017,3301,67933.399,644.753,743.481,1152.299,6.094,9.973,1.05,28369,85.706,126481,382.115,,,116323,351.426,1159490,2.74E+08,827.456,3.503,1847800,5.582,0.136,7.4,tests performed,,,,,546636,,,,1634,71.76,3.31E+08,35.608,38.3,15.413,9.732,54225.446,1.2,151.089,10.79,19.1,24.6,,2.77,78.86,0.926,44.01
2021-01-11T00:00:00Z,2.27E+07,214664,250474.143,383515,2101,3301.143,68581.926,648.527,756.713,1158.646,6.347,9.973,1.02,28738,86.821,127585,385.45,,,,351.426,1516405,2.75E+08,832.037,4.581,1865387,5.636,0.135,7.4,tests performed,8987322,8987322,,,632009,2.69,2.69,,1890,71.76,3.31E+08,35.608,38.3,15.413,9.732,54225.446,1.2,151.089,10.79,19.1,24.6,,2.77,78.86,0.926,
2021-01-12T00:00:00Z,2.29E+07,226967,249320.571,387976,4461,3411.571,69267.621,685.695,753.228,1172.124,13.477,10.307,0.99,28889,87.277,127030,383.773,,,,351.426,2020264,2.77E+08,838.14,6.103,1874958,5.664,0.131,7.6,tests performed,9327138,9327138,,339816,641524,2.79,2.79,,1918,71.76,3.31E+08,35.608,38.3,15.413,9.732,54225.446,1.2,151.089,10.79,19.1,24.6,,2.77,78.86,0.926,
2021-01-13T00:00:00Z,2.32E+07,230301,245701.143,391971,3995,3425.857,69963.389,695.768,742.294,1184.193,12.069,10.35,0.96,28732,86.803,126529,382.26,,,,351.426,2098850,2.80E+08,844.481,6.341,1843463,5.569,0.129,7.8,tests performed,1.03E+07,,,951324,710238,3.07,,,2124,71.76,3.31E+08,35.608,38.3,15.413,9.732,54225.446,1.2,151.089,10.79,19.1,24.6,,2.77,78.86,0.926,
2021-01-14T00:00:00Z,2.34E+07,235766,239619.571,395941,3970,3420.714,70675.667,712.278,723.92,1196.187,11.994,10.334,0.94,28525,86.178,133214,402.456,,,,351.426,2069086,2.82E+08,850.732,6.251,1817294,5.49,0.126,7.9,tests performed,1.11E+07,9690757,1342086,870529,747082,3.33,2.9,0.4,2234,71.76,3.31E+08,35.608,38.3,15.413,9.732,54225.446,1.2,151.089,10.79,19.1,24.6,,2.77,78.86,0.926,
2021-01-15T00:00:00Z,2.36E+07,242780,232122.857,399850,3909,3393.857,71409.136,733.468,701.272,1207.996,11.81,10.253,0.92,28419,85.857,123743,373.843,,,,351.426,2029363,2.84E+08,856.863,6.131,1800868,5.441,0.121,8.3,tests performed,1.23E+07,1.06E+07,1610524,1130189,798707,3.67,3.17,0.48,2388,71.76,3.31E+08,35.608,38.3,15.413,9.732,54225.446,1.2,151.089,10.79,19.1,24.6,,2.77,78.86,0.926,
2021-01-16T00:00:00Z,2.38E+07,201858,223678.714,403266,3416,3409.857,72018.974,609.838,675.761,1218.317,10.32,10.302,0.9,28117,84.945,121079,365.795,,,,351.426,1580906,2.85E+08,861.639,4.776,1782052,5.384,0.12,8.3,tests performed,,,1610524,,811670,,,0.48,2427,71.76,3.31E+08,35.608,38.3,15.413,9.732,54225.446,1.2,151.089,10.79,19.1,24.6,,2.77,78.86,0.926,
2021-01-17T00:00:00Z,2.40E+07,177931,218609.571,405166,1900,3393.143,72556.526,537.552,660.447,1224.057,5.74,10.251,0.89,27887,84.25,120779,364.888,,,108933,329.1,1066867,2.86E+08,864.863,3.223,1768820,5.344,0.118,8.5,tests performed,,,1610524,,824632,,,0.48,2466,71.76,3.31E+08,35.608,38.3,15.413,9.732,54225.446,1.2,151.089,10.79,19.1,24.6,,2.77,78.86,0.926,41.79
2021-01-18T00:00:00Z,2.42E+07,143598,208457.286,406724,1558,3315.571,72990.353,433.827,629.775,1228.764,4.707,10.017,0.87,27827,84.069,120367,363.644,,,,329.1,1284525,2.88E+08,868.743,3.881,1735694,5.244,0.114,8.8,tests performed,,,1610524,,837595,,,0.48,2504,71.76,3.31E+08,35.608,38.3,15.413,9.732,54225.446,1.2,151.089,10.79,19.1,24.6,,2.77,78.86,0.926,
2021-01-19T00:00:00Z,2.43E+07,176216,201207.143,409432,2708,3065.143,73522.723,532.37,607.872,1236.945,8.181,9.26,0.86,27580,83.323,119335,360.526,,,,329.1,1803037,2.89E+08,874.19,5.447,1704662,5.15,0.113,8.8,tests performed,1.57E+07,1.36E+07,2023124,,911493,4.7,4.07,0.6,2725,71.76,3.31E+08,35.608,38.3,15.413,9.732,54225.446,1.2,151.089,10.79,19.1,24.6,,2.77,78.86,0.926,
2021-01-20T00:00:00Z,2.45E+07,183261,194487.143,413848,4416,3125.286,74076.377,553.654,587.57,1250.286,13.341,9.442,0.86,26999,81.567,117102,353.78,,,,329.1,2122965,2.91E+08,880.604,6.414,1708107,5.16,0.109,9.2,tests performed,1.65E+07,1.43E+07,2161419,817693,892403,4.94,4.27,0.65,2668,71.76,3.31E+08,35.608,38.3,15.413,9.732,54225.446,1.2,151.089,10.79,19.1,24.6,,2.77,78.86,0.926,
2021-01-21T00:00:00Z,2.47E+07,193856,188500,418034,4186,3156.143,74662.04,585.663,569.482,1262.932,12.646,9.535,0.85,26512,80.096,114049,344.556,,,,329.1,2043005,2.94E+08,886.776,6.172,1704381,5.149,0.106,9.4,tests performed,1.75E+07,1.51E+07,2394961,1021093,913912,5.25,4.5,0.72,2733,71.76,3.31E+08,35.608,38.3,15.413,9.732,54225.446,1.2,151.089,10.79,19.1,24.6,,2.77,78.86,0.926,
2021-01-22T00:00:00Z,2.49E+07,190760,181068.571,421857,3823,3143.857,75238.35,576.31,547.031,1274.482,11.55,9.498,0.85,26000,78.549,111780,337.701,,,,329.1,1915510,2.95E+08,892.563,5.787,1688116,5.1,0.104,9.6,tests performed,1.91E+07,1.62E+07,2756953,1561585,975540,5.71,4.86,0.82,2917,71.76,3.31E+08,35.608,38.3,15.413,9.732,54225.446,1.2,151.089,10.79,19.1,24.6,,2.77,78.86,0.926,
2021-01-23T00:00:00Z,2.51E+07,170759,176625.857,425227,3370,3137.286,75754.234,515.884,533.609,1284.663,10.181,9.478,0.85,25359,76.613,108076,326.511,,,,329.1,1542267,2.97E+08,897.223,4.659,1682597,5.083,0.101,9.9,tests performed,2.05E+07,1.74E+07,3027865,1430031,1057387,6.14,5.2,0.91,3162,71.76,3.31E+08,35.608,38.3,15.413,9.732,54225.446,1.2,151.089,10.79,19.1,24.6,,2.77,78.86,0.926,
2021-01-24T00:00:00Z,2.52E+07,131198,169949.714,427089,1862,3131.857,76150.599,396.365,513.439,1290.289,5.625,9.462,0.85,25119,75.888,106969,323.167,,,94573,285.717,998909,2.98E+08,900.241,3.018,1672888,5.054,0.099,10.1,tests performed,2.18E+07,1.85E+07,3216836,1310665,1122182,6.53,5.53,0.96,3355,71.76,3.31E+08,35.608,38.3,15.413,9.732,54225.446,1.2,151.089,10.79,19.1,24.6,,2.77,78.86,0.926,38
2021-01-25T00:00:00Z,2.54E+07,151677,171103.857,429069,1980,3192.143,76608.834,458.235,516.926,1296.271,5.982,9.644,0.85,24999,75.525,106233,320.943,,,,285.717,1226301,2.99E+08,903.945,3.705,1664571,5.029,0.101,9.9,tests performed,2.27E+07,1.93E+07,3346390,885588,1126251,6.8,5.76,1,3368,71.76,3.31E+08,35.608,38.3,15.413,9.732,54225.446,1.2,151.089,10.79,19.1,24.6,,2.77,78.86,0.926,
2021-01-26T00:00:00Z,2.55E+07,147626,167019.571,433092,4023,3380,77054.831,445.996,504.587,1308.425,12.154,10.211,0.85,24893,75.205,104583,315.958,,,,285.717,1773479,3.01E+08,909.303,5.358,1660348,5.016,0.098,10.2,tests performed,2.35E+07,1.99E+07,3481921,806751,1119058,7.04,5.95,1.04,3346,71.76,3.31E+08,35.608,38.3,15.413,9.732,54225.446,1.2,151.089,10.79,19.1,24.6,,2.77,78.86,0.926,
2021-01-27T00:00:00Z,2.57E+07,153961,162833.857,437036,3944,3312.571,77519.966,465.135,491.941,1320.34,11.915,10.008,0.84,24355,73.579,102619,310.025,,,,285.717,2054896,3.03E+08,915.511,6.208,1650624,4.987,0.096,10.4,tests performed,2.47E+07,2.07E+07,3801053,1111640,1161050,7.37,6.19,1.14,3472,71.76,3.31E+08,35.608,38.3,15.413,9.732,54225.446,1.2,151.089,10.79,19.1,24.6,,2.77,78.86,0.926,
2021-01-28T00:00:00Z,2.58E+07,168804,159255,441048,4012,3287.714,78029.944,509.978,481.129,1332.461,12.121,9.933,0.84,23784,71.854,100019,302.17,,,,285.717,1896672,3.05E+08,921.241,5.73,1629719,4.924,0.094,10.6,tests performed,2.62E+07,2.17E+07,4263056,1541048,1235330,7.83,6.49,1.27,3694,71.76,3.31E+08,35.608,38.3,15.413,9.732,54225.446,1.2,151.089,10.79,19.1,24.6,,2.77,78.86,0.926,
2021-01-29T00:00:00Z,2.60E+07,166613,155805.429,444691,3643,3262,78533.302,503.359,470.708,1343.467,11.006,9.855,0.84,23118,69.842,96085,290.285,,,,285.717,1833322,3.07E+08,926.78,5.539,1617978,4.888,0.092,10.9,tests performed,2.79E+07,2.29E+07,4780888,1690979,1253815,8.34,6.83,1.43,3749,71.76,3.31E+08,35.608,38.3,15.413,9.732,54225.446,1.2,151.089,10.79,19.1,24.6,,2.77,78.86,0.926,
2021-01-30T00:00:00Z,2.61E+07,142459,151762.571,447485,2794,3179.714,78963.689,430.386,458.494,1351.908,8.441,9.606,0.84,22704,68.592,92520,279.514,,,,285.717,1431482,3.08E+08,931.105,4.325,1602152,4.84,0.09,11.1,tests performed,2.96E+07,2.41E+07,5259693,1693241,1291416,8.84,7.2,1.57,3861,71.76,3.31E+08,35.608,38.3,15.413,9.732,54225.446,1.2,151.089,10.79,19.1,24.6,,2.77,78.86,0.926,
2021-01-31T00:00:00Z,2.62E+07,112152,149041.714,449347,1862,3179.714,79302.514,338.825,450.273,1357.533,5.625,9.606,0.83,22497,67.966,91417,276.182,,,80644,243.636,944075,3.09E+08,933.957,2.852,1594318,4.817,0.088,11.4,tests performed,3.11E+07,2.52E+07,5657142,1545397,1324949,9.31,7.54,1.69,3962,71.76,3.31E+08,35.608,38.3,15.413,9.732,54225.446,1.2,151.089,10.79,19.1,24.6,,2.77,78.86,0.926,34.28
2021-02-01T00:00:00Z,2.64E+07,134975,146655.714,451426,2079,3193.857,79710.29,407.776,443.065,1363.814,6.281,9.649,0.82,22226,67.147,90561,273.596,,,,243.636,1032224,3.10E+08,937.075,3.118,1566593,4.733,0.089,11.2,tests performed,3.22E+07,2.60E+07,5927847,1099103,1355451,9.63,7.78,1.77,4053,71.76,3.31E+08,35.608,38.3,15.413,9.732,54225.446,1.2,151.089,10.79,19.1,24.6,,2.77,78.86,0.926,
2021-02-02T00:00:00Z,2.65E+07,115303,142038.143,454852,3426,3108.571,80058.635,348.345,429.115,1374.164,10.35,9.391,0.81,21761,65.743,88971,268.792,,,,243.636,1632495,3.12E+08,942.007,4.932,1546452,4.672,0.088,11.4,tests performed,3.28E+07,2.64E+07,6064792,558458,1319981,9.8,7.91,1.81,3947,71.76,3.31E+08,35.608,38.3,15.413,9.732,54225.446,1.2,151.089,10.79,19.1,24.6,,2.77,78.86,0.926,
2021-02-03T00:00:00Z,2.66E+07,121691,137428.143,458734,3882,3099.714,80426.278,367.644,415.187,1385.892,11.728,9.365,0.8,21399,64.649,87247,263.584,,,,243.636,1869414,3.14E+08,947.655,5.648,1519955,4.592,0.085,11.8,tests performed,3.39E+07,2.72E+07,6436931,1097394,1317946,10.13,8.12,1.92,3941,68.06,3.31E+08,35.608,38.3,15.413,9.732,54225.446,1.2,151.089,10.79,19.1,24.6,,2.77,78.86,0.926,
2021-02-04T00:00:00Z,2.67E+07,124006,131028.429,462480,3746,3061.714,80800.916,374.637,395.853,1397.209,11.317,9.25,0.79,20867,63.042,84565,255.481,,,,243.636,1928782,3.16E+08,953.482,5.827,1524542,4.606,0.081,12.3,tests performed,3.52E+07,2.79E+07,6926050,1325456,1287147,10.53,8.34,2.07,3849,68.06,3.31E+08,35.608,38.3,15.413,9.732,54225.446,1.2,151.089,10.79,19.1,24.6,,2.77,78.86,0.926,
2021-02-05T00:00:00Z,2.69E+07,134422,126429.714,466145,3665,3064.857,81207.021,406.106,381.96,1408.282,11.072,9.259,0.79,20350,61.48,82088,247.998,,,,243.636,1829604,3.17E+08,959.01,5.527,1524011,4.604,0.078,12.8,tests performed,3.68E+07,2.89E+07,7503864,1615502,1276364,11.01,8.64,2.24,3816,68.06,3.31E+08,35.608,38.3,15.413,9.732,54225.446,1.2,151.089,10.79,19.1,24.6,,2.77,78.86,0.926,
2021-02-06T00:00:00Z,2.70E+07,104176,120960.714,468828,2683,3049,81521.75,314.729,365.437,1416.387,8.106,9.211,0.78,19858,59.993,79065,238.865,,,,243.636,1333250,3.19E+08,963.038,4.028,1509978,4.562,0.076,13.2,tests performed,3.90E+07,3.03E+07,8317180,2218752,1351437,11.67,9.05,2.49,4041,68.06,3.31E+08,35.608,38.3,15.413,9.732,54225.446,1.2,151.089,10.79,19.1,24.6,,2.77,78.86,0.926,
2021-02-07T00:00:00Z,2.71E+07,89746,117759.857,470264,1436,2988.143,81792.884,271.134,355.767,1420.726,4.338,9.028,0.78,19371,58.522,77821,235.107,,,69413,209.705,828684,3.20E+08,965.541,2.504,1493493,4.512,0.075,13.3,tests performed,4.12E+07,3.16E+07,9147185,2172973,1441091,12.32,9.44,2.74,4309,68.06,3.31E+08,35.608,38.3,15.413,9.732,54225.446,1.2,151.089,10.79,19.1,24.6,,2.77,78.86,0.926,28.45
2021-02-08T00:00:00Z,2.72E+07,90438,111397.429,471884,1620,2922.571,82066.108,273.224,336.545,1425.62,4.894,8.829,0.78,19322,58.374,76831,232.116,,,,209.705,1042453,3.21E+08,968.691,3.149,1494955,4.516,0.071,14.1,tests performed,4.24E+07,3.23E+07,9518015,1206680,1456459,12.68,9.67,2.85,4355,68.06,3.31E+08,35.608,38.3,15.413,9.732,54225.446,1.2,151.089,10.79,19.1,24.6,,2.77,78.86,0.926,
2021-02-09T00:00:00Z,2.73E+07,95265,108534.857,474933,3049,2868.714,82353.915,287.807,327.897,1434.831,9.211,8.667,0.78,18926,57.178,75589,228.364,,,,209.705,1691995,3.22E+08,973.802,5.112,1503455,4.542,0.068,14.7,tests performed,4.32E+07,3.29E+07,9840429,788573,1489333,12.92,9.83,2.94,4453,68.06,3.31E+08,35.608,38.3,15.413,9.732,54225.446,1.2,151.089,10.79,19.1,24.6,,2.77,78.86,0.926,
2021-02-10T00:00:00Z,2.74E+07,95250,104757.571,478237,3304,2786.143,82641.677,287.762,316.486,1444.813,9.982,8.417,0.77,18311,55.32,72821,220.001,,,,209.705,1638948,3.24E+08,978.754,4.951,1470531,4.443,0.068,14.7,tests performed,4.48E+07,3.38E+07,1.05E+07,1563780,1555959,13.39,10.1,3.13,4652,68.06,3.31E+08,35.608,38.3,15.413,9.732,54225.446,1.2,151.089,10.79,19.1,24.6,,2.77,78.86,0.926,
2021-02-11T00:00:00Z,2.75E+07,105764,102151.571,481453,3216,2710.429,82961.204,319.526,308.613,1454.529,9.716,8.189,0.77,17710,53.504,70071,211.693,,,,209.705,1415462,3.25E+08,983.03,4.276,1397199,4.221,0.069,14.5,tests performed,4.64E+07,3.47E+07,1.12E+07,1620300,1598080,13.87,10.38,3.35,4778,68.06,3.31E+08,35.608,38.3,15.413,9.732,54225.446,1.2,151.089,10.79,19.1,24.6,,2.77,78.86,0.926,
2021-02-12T00:00:00Z,2.76E+07,99670,97187,484380,2927,2605,83262.319,301.115,293.614,1463.372,8.843,7.87,0.76,17331,52.359,67508,203.95,,,,209.705,1412221,3.27E+08,987.297,4.266,1337573,4.041,0.069,14.5,tests performed,4.84E+07,3.58E+07,1.21E+07,2020288,1655907,14.48,10.71,3.61,4951,68.06,3.31E+08,35.608,38.3,15.413,9.732,54225.446,1.2,151.089,10.79,19.1,24.6,,2.77,78.86,0.926,
2021-02-13T00:00:00Z,2.76E+07,87219,94764.571,486576,2196,2535.429,83525.818,263.499,286.296,1470.006,6.634,7.66,0.75,16862,50.942,64732,195.563,,,,209.705,1101489,3.28E+08,990.624,3.328,1304465,3.941,0.069,14.5,tests performed,5.06E+07,3.71E+07,1.31E+07,2231326,1657703,15.14,11.08,3.91,4957,68.06,3.31E+08,35.608,38.3,15.413,9.732,54225.446,1.2,151.089,10.79,19.1,24.6,,2.77,78.86,0.926,
2021-02-14T00:00:00Z,2.77E+07,65135,91248.714,487747,1171,2497.571,83722.599,196.781,275.674,1473.544,3.538,7.545,0.74,16346,49.383,63266,191.134,,,55870,168.79,663928,3.29E+08,992.63,2.006,1280928,3.87,0.068,14.7,tests performed,5.29E+07,3.83E+07,1.41E+07,2242472,1667631,15.81,11.45,4.21,4986,68.06,3.31E+08,35.608,38.3,15.413,9.732,54225.446,1.2,151.089,10.79,19.1,24.6,,2.77,78.86,0.926,18.9
2021-02-15T00:00:00Z,2.78E+07,54279,86083.143,488710,963,2403.714,83886.583,163.984,260.068,1476.453,2.909,7.262,0.73,16225,49.018,62187,187.875,,,,168.79,798647,3.29E+08,995.043,2.413,1246099,3.765,0.067,14.9,tests performed,,,1.41E+07,,1662106,,,4.21,4970,68.06,3.31E+08,35.608,38.3,15.413,9.732,54225.446,1.2,151.089,10.79,19.1,24.6,,2.77,78.86,0.926,
2021-02-16T00:00:00Z,2.78E+07,62498,81402.143,490463,1753,2218.571,84075.397,188.814,245.926,1481.749,5.296,6.703,0.74,15919,48.093,61479,185.736,,,,168.79,1250674,3.31E+08,998.821,3.778,1183053,3.574,0.066,15.2,tests performed,5.52E+07,3.97E+07,1.50E+07,,1716311,16.51,11.86,4.49,5132,68.06,3.31E+08,35.608,38.3,15.413,9.732,54225.446,1.2,151.089,10.79,19.1,24.6,,2.77,78.86,0.926,
2021-02-17T00:00:00Z,2.79E+07,70139,77814.857,492860,2397,2089,84287.296,211.899,235.088,1488.991,7.242,6.311,0.75,15577,47.06,62226,187.992,,,,168.79,1470940,3.32E+08,1003.265,4.444,1159052,3.502,0.064,15.6,tests performed,5.63E+07,4.03E+07,1.55E+07,1061463,1644551,16.83,12.04,4.63,4917,68.06,3.31E+08,35.608,38.3,15.413,9.732,54225.446,1.2,151.089,10.79,19.1,24.6,,2.77,78.86,0.926,
2021-02-18T00:00:00Z,2.80E+07,69911,72693,495376,2516,1989,84498.506,211.21,219.615,1496.592,7.601,6.009,0.76,15022,45.383,58280,176.071,,,,168.79,1414753,3.33E+08,1007.539,4.274,1158950,3.501,0.06,16.7,tests performed,5.77E+07,4.10E+07,1.62E+07,1455940,1621071,17.26,12.27,4.83,4847,68.06,3.31E+08,35.608,38.3,15.413,9.732,54225.446,1.2,151.089,10.79,19.1,24.6,,2.77,78.86,0.926,
2021-02-19T00:00:00Z,2.80E+07,79282,69780.429,498000,2624,1945.714,84738.026,239.521,210.815,1504.52,7.927,5.878,0.79,14493,43.785,56715,171.343,,,,168.79,1353707,3.35E+08,1011.629,4.09,1150591,3.476,0.057,17.5,tests performed,5.96E+07,4.20E+07,1.70E+07,1847276,1596355,17.82,12.55,5.09,4773,68.06,3.31E+08,35.608,38.3,15.413,9.732,54225.446,1.2,151.089,10.79,19.1,24.6,,2.77,78.86,0.926,
2021-02-20T00:00:00Z,2.81E+07,71696,67562.857,499835,1835,1894.143,84954.629,216.602,204.116,1510.063,5.544,5.722,0.82,14112,42.634,54376,164.277,,,,168.79,1058383,3.36E+08,1014.827,3.198,1144433,3.457,0.055,18.2,tests performed,6.13E+07,4.28E+07,1.79E+07,1704457,1521088,18.33,12.8,5.35,4548,68.06,3.31E+08,35.608,38.3,15.413,9.732,54225.446,1.2,151.089,10.79,19.1,24.6,,2.77,78.86,0.926,
2021-02-21T00:00:00Z,2.82E+07,57152,66422.429,501071,1236,1903.429,85127.292,172.663,200.67,1513.798,3.734,5.75,0.84,13724,41.462,53591,161.905,,,46506,140.5,683870,3.37E+08,1016.893,2.066,1147282,3.466,0.054,18.5,tests performed,6.31E+07,4.36E+07,1.89E+07,1801134,1458040,18.86,13.05,5.64,4360,68.06,3.31E+08,35.608,38.3,15.413,9.732,54225.446,1.2,151.089,10.79,19.1,24.6,,2.77,78.86,0.926,16.7
2021-02-22T00:00:00Z,2.82E+07,56159,66691,502390,1319,1954.286,85296.955,169.663,201.482,1517.782,3.985,5.904,0.85,13671,41.302,53002,160.126,,,,140.5,1038924,3.38E+08,1020.031,3.139,1181607,3.57,0.052,19.2,tests performed,6.42E+07,4.41E+07,1.94E+07,1086840,1446445,19.19,13.2,5.81,4325,68.06,3.31E+08,35.608,38.3,15.413,9.732,54225.446,1.2,151.089,10.79,19.1,24.6,,2.77,78.86,0.926,
2021-02-23T00:00:00Z,2.83E+07,72270,68087,504667,2277,2029.143,85515.292,218.337,205.699,1524.662,6.879,6.13,0.87,13354,40.344,51948,156.941,,,,140.5,1643494,3.39E+08,1024.997,4.965,1237724,3.739,0.051,19.6,tests performed,6.50E+07,4.45E+07,1.99E+07,854609,1401674,19.44,13.32,5.94,4191,68.06,3.31E+08,35.608,38.3,15.413,9.732,54225.446,1.2,151.089,10.79,19.1,24.6,,2.77,78.86,0.926,
2021-02-24T00:00:00Z,2.84E+07,74749,68745.571,507849,3182,2141.286,85741.118,225.826,207.689,1534.275,9.613,6.469,0.88,12891,38.945,50933,153.875,,,,140.5,1687611,3.41E+08,1030.095,5.098,1268677,3.833,0.051,19.6,tests performed,6.65E+07,4.52E+07,2.06E+07,1432864,1454731,19.87,13.53,6.16,4350,68.06,3.31E+08,35.608,38.3,15.413,9.732,54225.446,1.2,151.089,10.79,19.1,24.6,,2.77,78.86,0.926,
2021-02-25T00:00:00Z,2.85E+07,77504,69830.286,510285,2436,2129.857,85975.267,234.149,210.966,1541.634,7.359,6.435,0.88,12466,37.661,49042,148.162,,,,140.5,1611449,3.43E+08,1034.963,4.868,1296777,3.918,0.05,20,tests performed,6.83E+07,4.61E+07,2.16E+07,1809170,1505193,20.41,13.78,6.45,4501,68.06,3.31E+08,35.608,38.3,15.413,9.732,54225.446,1.2,151.089,10.79,19.1,24.6,,2.77,78.86,0.926,
2021-02-26T00:00:00Z,2.85E+07,77349,69554.143,512363,2078,2051.857,86208.948,233.681,210.132,1547.912,6.278,6.199,0.89,12157,36.728,47221,142.66,,,,140.5,1476001,3.44E+08,1039.423,4.459,1314247,3.971,0.049,20.4,tests performed,7.05E+07,4.72E+07,2.26E+07,2179947,1552717,21.07,14.11,6.76,4643,68.06,3.31E+08,35.608,38.3,15.413,9.732,54225.446,1.2,151.089,10.79,19.1,24.6,,2.77,78.86,0.926,
2021-02-27T00:00:00Z,2.86E+07,64626,68544.143,513884,1521,2007,86404.191,195.243,207.08,1552.507,4.595,6.063,0.89,11718,35.402,45328,136.942,,,,140.5,1074372,3.45E+08,1042.668,3.246,1316532,3.977,0.049,20.4,tests performed,7.28E+07,4.84E+07,2.37E+07,2352116,1645240,21.77,14.48,7.09,4919,68.06,3.31E+08,35.608,38.3,15.413,9.732,54225.446,1.2,151.089,10.79,19.1,24.6,,2.77,78.86,0.926,
2021-02-28T00:00:00Z,2.87E+07,51422,67725.571,514976,1092,1986.429,86559.543,155.352,204.607,1555.806,3.299,6.001,0.89,11555,34.909,44867,135.549,,,41785,126.238,633099,3.46E+08,1044.581,1.913,1309279,3.955,0.05,20,tests performed,7.52E+07,4.98E+07,2.48E+07,2429823,1735053,22.5,14.88,7.41,5188,68.06,3.31E+08,35.608,38.3,15.413,9.732,54225.446,1.2,151.089,10.79,19.1,24.6,,2.77,78.86,0.926,13.47
2021-03-01T00:00:00Z,2.87E+07,58098,68002.571,516493,1517,2014.714,86735.065,175.521,205.444,1560.389,4.583,6.087,0.89,11365,34.335,43728,132.108,,,,126.238,993807,3.47E+08,1047.583,3.002,1302833,3.936,0.049,20.4,tests performed,7.69E+07,5.07E+07,2.55E+07,1663984,1817502,22.99,15.17,7.61,5434,68.06,3.31E+08,35.608,38.3,15.413,9.732,54225.446,1.2,151.089,10.79,19.1,24.6,,2.77,78.86,0.926,
2021-03-02T00:00:00Z,2.88E+07,57098,65835.143,518436,1943,1967,86907.565,172.5,198.896,1566.259,5.87,5.943,0.88,11042,33.359,42657,128.872,,,,126.238,1611754,3.48E+08,1052.453,4.869,1298299,3.922,0.048,20.8,tests performed,7.86E+07,5.18E+07,2.62E+07,1731614,1942788,23.51,15.48,7.82,5809,68.06,3.31E+08,35.608,38.3,15.413,9.732,54225.446,1.2,151.089,10.79,19.1,24.6,,2.77,78.86,0.926,
2021-03-03T00:00:00Z,2.88E+07,67191,64755.429,520917,2481,1866.857,87110.557,202.992,195.634,1573.755,7.495,5.64,0.88,10748,32.471,42168,127.395,,,,126.238,1736879,3.50E+08,1057.7,5.247,1305337,3.944,0.047,21.3,tests performed,8.05E+07,5.29E+07,2.70E+07,1908873,2010790,24.08,15.8,8.06,6012,68.06,3.31E+08,35.608,38.3,15.413,9.732,54225.446,1.2,151.089,10.79,19.1,24.6,,2.77,78.86,0.926,
2021-03-04T00:00:00Z,2.89E+07,68060,63406.286,522839,1922,1793.429,87316.175,205.618,191.558,1579.561,5.807,5.418,0.88,10555,31.888,40159,121.325,,,,126.238,1552364,3.52E+08,1062.39,4.69,1296897,3.918,0.046,21.7,tests performed,8.26E+07,5.40E+07,2.78E+07,2032374,2042676,24.69,16.16,8.31,6108,64.35,3.31E+08,35.608,38.3,15.413,9.732,54225.446,1.2,151.089,10.79,19.1,24.6,,2.77,78.86,0.926,
2021-03-05T00:00:00Z,2.90E+07,66419,61844.857,524642,1803,1754.143,87516.835,200.66,186.841,1585.008,5.447,5.299,0.88,10323,31.187,39565,119.531,,,,126.238,1430491,3.53E+08,1066.712,4.322,1290395,3.898,0.046,21.7,tests performed,8.50E+07,5.55E+07,2.87E+07,2435246,2079147,25.42,16.61,8.58,6217,64.35,3.31E+08,35.608,38.3,15.413,9.732,54225.446,1.2,151.089,10.79,19.1,24.6,,2.77,78.86,0.926,
2021-03-06T00:00:00Z,2.90E+07,58254,60934.571,526152,1510,1752.571,87692.827,175.993,184.091,1589.57,4.562,5.295,0.88,10028,30.296,38188,115.371,,,,126.238,1066386,3.54E+08,1069.933,3.222,1289254,3.895,0.045,22.2,tests performed,8.79E+07,5.74E+07,2.98E+07,2904229,2158020,26.29,17.15,8.9,6453,64.35,3.31E+08,35.608,38.3,15.413,9.732,54225.446,1.2,151.089,10.79,19.1,24.6,,2.77,78.86,0.926,
2021-03-07T00:00:00Z,2.91E+07,41073,59456.143,526854,702,1696.857,87816.914,124.087,179.624,1591.691,2.121,5.126,0.88,9847,29.749,37754,114.06,,,35613,107.591,608932,3.55E+08,1071.773,1.84,1285802,3.885,0.044,22.7,tests performed,9.04E+07,5.89E+07,3.07E+07,2439427,2159392,27.02,17.6,9.18,6457,64.35,3.31E+08,35.608,38.3,15.413,9.732,54225.446,1.2,151.089,10.79,19.1,24.6,,2.77,78.86,0.926,8.7
2021-03-08T00:00:00Z,2.91E+07,44917,57573.143,527591,737,1585.429,87952.614,135.7,173.936,1593.918,2.227,4.79,0.89,9789,29.574,37671,113.809,,,,107.591,976457,3.56E+08,1074.723,2.95,1283323,3.877,0.043,23.3,tests performed,9.21E+07,6.00E+07,3.15E+07,1738102,2169981,27.54,17.94,9.42,6488,64.35,3.31E+08,35.608,38.3,15.413,9.732,54225.446,1.2,151.089,10.79,19.1,24.6,,2.77,78.86,0.926,
2021-03-09T00:00:00Z,2.92E+07,57667,57654.429,529397,1806,1565.857,88126.833,174.219,174.181,1599.374,5.456,4.731,0.9,9611,29.036,37018,111.836,,,,107.591,1540318,3.57E+08,1079.377,4.653,1273118,3.846,0.043,23.3,tests performed,9.37E+07,6.11E+07,3.21E+07,1602746,2151571,28.01,18.27,9.6,6433,64.35,3.31E+08,35.608,38.3,15.413,9.732,54225.446,1.2,151.089,10.79,19.1,24.6,,2.77,78.86,0.926,
2021-03-10T00:00:00Z,2.92E+07,57895,56326.429,530967,1570,1435.714,88301.741,174.908,170.169,1604.117,4.743,4.337,0.9,9455,28.565,36645,110.709,,,,107.591,1613317,3.59E+08,1084.251,4.874,1255466,3.793,0.043,23.3,tests performed,9.57E+07,6.25E+07,3.29E+07,2028692,2168688,28.62,18.67,9.84,6485,64.35,3.31E+08,35.608,38.3,15.413,9.732,54225.446,1.2,151.089,10.79,19.1,24.6,,2.77,78.86,0.926,
2021-03-11T00:00:00Z,2.93E+07,62471,55528,532525,1558,1383.714,88490.474,188.733,167.757,1608.824,4.707,4.18,0.91,9242,27.921,35900,108.458,,,,107.591,1497104,3.60E+08,1088.773,4.523,1247572,3.769,0.043,23.3,tests performed,9.82E+07,6.41E+07,3.39E+07,2482603,2233006,29.36,19.16,10.13,6677,64.35,3.31E+08,35.608,38.3,15.413,9.732,54225.446,1.2,151.089,10.79,19.1,24.6,,2.77,78.86,0.926,
2021-03-12T00:00:00Z,2.94E+07,61513,54827.143,534069,1544,1346.714,88676.312,185.838,165.64,1613.489,4.665,4.069,0.92,9120,27.553,35630,107.643,,,,107.591,1398318,3.62E+08,1092.998,4.224,1242976,3.755,0.043,23.3,tests performed,1.01E+08,6.60E+07,3.50E+07,2924112,2302844,30.24,19.72,10.47,6886,64.35,3.31E+08,35.608,38.3,15.413,9.732,54225.446,1.2,151.089,10.79,19.1,24.6,,2.77,78.86,0.926,
2021-03-13T00:00:00Z,2.94E+07,53031,54081,535099,1030,1278.143,88836.525,160.213,163.385,1616.6,3.112,3.861,0.94,8907,26.909,34970,105.649,,,,107.591,1024729,3.63E+08,1096.094,3.096,1237025,3.737,0.043,23.3,tests performed,1.06E+08,6.89E+07,3.69E+07,4575496,2541597,31.61,20.6,11.04,7600,64.35,3.31E+08,35.608,38.3,15.413,9.732,54225.446,1.2,151.089,10.79,19.1,24.6,,2.77,78.86,0.926,
2021-03-14T00:00:00Z,2.94E+07,38278,53681.714,535683,584,1261.286,88952.168,115.643,162.179,1618.365,1.764,3.811,0.95,8775,26.51,34400,103.927,,,33713,101.851,578956,3.63E+08,1097.843,1.749,1232743,3.724,0.043,23.3,tests performed,1.07E+08,6.98E+07,3.75E+07,1356773,2386932,32.01,20.87,11.2,7137,64.35,3.31E+08,35.608,38.3,15.413,9.732,54225.446,1.2,151.089,10.79,19.1,24.6,,2.77,78.86,0.926,4.99
2021-03-15T00:00:00Z,2.95E+07,56541,55342.286,536431,748,1262.857,89122.985,170.817,167.196,1620.625,2.26,3.815,0.96,8788,26.55,34689,104.8,,,,101.851,946273,3.64E+08,1100.702,2.859,1228431,3.711,0.043,23.3,tests performed,1.09E+08,7.11E+07,3.83E+07,2021586,2427430,32.62,21.25,11.46,7258,64.35,3.31E+08,35.608,38.3,15.413,9.732,54225.446,1.2,151.089,10.79,19.1,24.6,,2.77,78.86,0.926,
2021-03-16T00:00:00Z,2.96E+07,54008,54819.571,537611,1180,1173.429,89286.15,163.165,165.617,1624.189,3.565,3.545,0.96,8736,26.393,34565,104.425,,,,101.851,1496009,3.66E+08,1105.221,4.52,1222101,3.692,0.043,23.3,tests performed,1.11E+08,7.21E+07,3.90E+07,1655996,2435037,33.11,21.57,11.67,7281,64.35,3.31E+08,35.608,38.3,15.413,9.732,54225.446,1.2,151.089,10.79,19.1,24.6,,2.77,78.86,0.926,
2021-03-17T00:00:00Z,2.96E+07,59280,55017.429,538837,1226,1124.286,89465.242,179.092,166.214,1627.893,3.704,3.397,0.96,8682,26.229,34584,104.483,,,,101.851,1615403,3.67E+08,1110.102,4.88,1222399,3.693,0.044,22.7,tests performed,1.13E+08,7.37E+07,4.00E+07,2299771,2473762,33.8,22.03,11.96,7397,64.35,3.31E+08,35.608,38.3,15.413,9.732,54225.446,1.2,151.089,10.79,19.1,24.6,,2.77,78.86,0.926,
2021-03-18T00:00:00Z,2.97E+07,60375,54718,540483,1646,1136.857,89647.643,182.4,165.31,1632.866,4.973,3.435,0.97,8521,25.743,34092,102.996,,,,101.851,1473377,3.69E+08,1114.553,4.451,1219009,3.683,0.044,22.7,tests performed,1.16E+08,7.55E+07,4.10E+07,2692381,2503731,34.6,22.57,12.25,7486,64.35,3.31E+08,35.608,38.3,15.413,9.732,54225.446,1.2,151.089,10.79,19.1,24.6,,2.77,78.86,0.926,
2021-03-19T00:00:00Z,2.97E+07,61651,54737.714,541610,1127,1077.286,89833.898,186.255,165.369,1636.271,3.405,3.255,0.98,8422,25.444,34020,102.779,,,,101.851,1342591,3.70E+08,1118.609,4.056,1211048,3.659,0.044,22.7,tests performed,1.18E+08,7.72E+07,4.19E+07,2583810,2455116,35.38,23.09,12.54,7341,64.35,3.31E+08,35.608,38.3,15.413,9.732,54225.446,1.2,151.089,10.79,19.1,24.6,,2.77,78.86,0.926,
2021-03-20T00:00:00Z,2.98E+07,55519,55093.143,542349,739,1035.714,90001.628,167.73,166.443,1638.504,2.233,3.129,1,8241,24.897,33200,100.301,,,,101.851,989305,3.71E+08,1121.598,2.989,1205988,3.643,0.045,22.2,tests performed,1.21E+08,7.94E+07,4.30E+07,3127679,2248285,36.31,23.73,12.87,6723,64.35,3.31E+08,35.608,38.3,15.413,9.732,54225.446,1.2,151.089,10.79,19.1,24.6,,2.77,78.86,0.926,
2021-03-21T00:00:00Z,2.98E+07,33822,54456.571,542837,488,1022,90103.808,102.18,164.52,1639.978,1.474,3.088,1.01,8128,24.556,33267,100.504,,,33036,99.806,613382,3.72E+08,1123.451,1.853,1210906,3.658,0.045,22.2,tests performed,1.24E+08,8.14E+07,4.41E+07,3039915,2488734,37.22,24.34,13.2,7441,64.35,3.31E+08,35.608,38.3,15.413,9.732,54225.446,1.2,151.089,10.79,19.1,24.6,,2.77,78.86,0.926,4.09
2021-03-22T00:00:00Z,2.99E+07,51436,53727.286,543558,721,1018.143,90259.203,155.395,162.317,1642.156,2.178,3.076,1.03,8346,25.214,33725,101.887,,,,99.806,973449,3.73E+08,1126.392,2.941,1214788,3.67,0.045,22.2,tests performed,1.27E+08,8.28E+07,4.49E+07,2028324,2489697,37.83,24.75,13.43,7444,66.2,3.31E+08,35.608,38.3,15.413,9.732,54225.446,1.2,151.089,10.79,19.1,24.6,,2.77,78.86,0.926,
2021-03-23T00:00:00Z,2.99E+07,53688,53681.571,544433,875,974.571,90421.401,162.198,162.179,1644.8,2.643,2.944,1.06,8377,25.308,33979,102.655,,,,99.806,1528130,3.74E+08,1131.009,4.617,1219377,3.684,0.046,21.7,tests performed,1.28E+08,8.39E+07,4.55E+07,1707293,2497025,38.34,25.1,13.61,7466,61.57,3.31E+08,35.608,38.3,15.413,9.732,54225.446,1.2,151.089,10.79,19.1,24.6,,2.77,78.86,0.926,
2021-03-24T00:00:00Z,3.00E+07,86938,57632.714,545943,1510,1015.143,90684.051,262.65,174.116,1649.361,4.562,3.067,1.1,8488,25.643,34353,103.785,,,,99.806,1655210,3.76E+08,1136.009,5.001,1225063,3.701,0.046,21.7,tests performed,1.30E+08,8.55E+07,4.64E+07,2256824,2490889,39.01,25.56,13.86,7448,61.57,3.31E+08,35.608,38.3,15.413,9.732,54225.446,1.2,151.089,10.79,19.1,24.6,,2.77,78.86,0.926,
2021-03-25T00:00:00Z,3.01E+07,67546,58657.143,547344,1401,980.143,90888.116,204.065,177.21,1653.594,4.233,2.961,1.09,8336,25.184,34348,103.77,,,,99.806,1443766,3.77E+08,1140.371,4.362,1220833,3.688,0.047,21.3,tests performed,1.33E+08,8.73E+07,4.74E+07,2831442,2510755,39.86,26.12,14.18,7507,61.57,3.31E+08,35.608,38.3,15.413,9.732,54225.446,1.2,151.089,10.79,19.1,24.6,,2.77,78.86,0.926,
2021-03-26T00:00:00Z,3.02E+07,77377,60903.714,548495,1151,983.571,91121.882,233.766,183.998,1657.071,3.477,2.971,1.09,8327,25.157,34618,104.585,,,,99.806,1371492,3.79E+08,1144.514,4.143,1224962,3.701,0.049,20.4,tests performed,1.37E+08,8.96E+07,4.87E+07,3379393,2624410,40.87,26.78,14.56,7847,61.57,3.31E+08,35.608,38.3,15.413,9.732,54225.446,1.2,151.089,10.79,19.1,24.6,,2.77,78.86,0.926,
2021-03-27T00:00:00Z,3.02E+07,62842,61949.857,549290,795,991.571,91311.735,189.853,187.158,1659.473,2.402,2.996,1.08,8199,24.77,33930,102.507,,,,99.806,998053,3.80E+08,1147.53,3.015,1226212,3.705,0.049,20.4,tests performed,1.40E+08,9.17E+07,5.01E+07,3496047,2677034,41.91,27.42,14.99,8004,61.57,3.31E+08,35.608,38.3,15.413,9.732,54225.446,1.2,151.089,10.79,19.1,24.6,,2.77,78.86,0.926,
2021-03-28T00:00:00Z,3.03E+07,43223,63292.857,549815,525,996.857,91442.317,130.582,191.216,1661.059,1.586,3.012,1.08,8357,25.248,34447,104.069,,,35037,105.851,622600,3.80E+08,1149.411,1.881,1227529,3.709,0.05,20,tests performed,1.43E+08,9.36E+07,5.16E+07,3281956,2711611,42.9,28,15.43,8108,61.57,3.31E+08,35.608,38.3,15.413,9.732,54225.446,1.2,151.089,10.79,19.1,24.6,,2.77,78.86,0.926,5.44
2021-03-29T00:00:00Z,3.03E+07,69273,65841,550522,707,994.857,91651.599,209.282,198.914,1663.195,2.136,3.006,1.07,8437,25.489,35010,105.77,,,,105.851,1005731,3.81E+08,1152.449,3.038,1232140,3.722,0.051,19.6,tests performed,1.46E+08,9.50E+07,5.26E+07,2350144,2757586,43.6,28.41,15.73,8245,58.8,3.31E+08,35.608,38.3,15.413,9.732,54225.446,1.2,151.089,10.79,19.1,24.6,,2.77,78.86,0.926,
2021-03-30T00:00:00Z,3.04E+07,61429,66946.857,551406,884,996.143,91837.184,185.585,202.255,1665.866,2.671,3.009,1.06,8572,25.897,35406,106.966,,,,105.851,1530421,3.83E+08,1157.073,4.624,1232468,3.723,0.051,19.6,tests performed,1.48E+08,9.60E+07,5.34E+07,1789510,2769331,44.13,28.72,15.97,8280,56.94,3.31E+08,35.608,38.3,15.413,9.732,54225.446,1.2,151.089,10.79,19.1,24.6,,2.77,78.86,0.926,
2021-03-31T00:00:00Z,3.05E+07,66765,64065,552482,1076,934.143,92038.889,201.705,193.548,1669.117,3.251,2.822,1.04,8502,25.686,35554,107.413,,,,105.851,1578000,3.85E+08,1161.84,4.767,1221438,3.69,0.052,19.2,tests performed,1.50E+08,9.76E+07,5.46E+07,2670947,2828491,44.93,29.18,16.33,8457,56.94,3.31E+08,35.608,38.3,15.413,9.732,54225.446,1.2,151.089,10.79,19.1,24.6,,2.77,78.86,0.926,
2021-04-01T00:00:00Z,3.05E+07,79119,65718.286,553559,1077,887.857,92277.918,239.028,198.543,1672.37,3.254,2.682,1.05,8472,25.595,35559,107.428,,,,105.851,1439250,3.86E+08,1166.188,4.348,1220792,3.688,0.053,18.9,tests performed,1.54E+08,9.96E+07,5.61E+07,3358112,2903730,45.94,29.77,16.77,8682,56.94,3.31E+08,35.608,38.3,15.413,9.732,54225.446,1.2,151.089,10.79,19.1,24.6,,2.77,78.86,0.926,
2021-04-02T00:00:00Z,3.06E+07,69887,64648.286,554513,954,859.714,92489.055,211.137,195.31,1675.252,2.882,2.597,1.04,8469,25.586,35599,107.549,,,,105.851,1341351,3.87E+08,1170.24,4.052,1216487,3.675,0.053,18.9,tests performed,1.58E+08,1.02E+08,5.80E+07,3975059,2988825,47.13,30.44,17.34,8937,56.94,3.31E+08,35.608,38.3,15.413,9.732,54225.446,1.2,151.089,10.79,19.1,24.6,,2.77,78.86,0.926,
2021-04-03T00:00:00Z,3.07E+07,63261,64708.143,555263,750,853.286,92680.174,191.119,195.491,1677.518,2.266,2.578,1.04,8544,25.812,35184,106.295,,,,105.851,968603,3.88E+08,1173.167,2.926,1212279,3.662,0.053,18.9,tests performed,1.62E+08,1.04E+08,5.99E+07,4081959,3072527,48.35,31.16,17.9,9187,56.94,3.31E+08,35.608,38.3,15.413,9.732,54225.446,1.2,151.089,10.79,19.1,24.6,,2.77,78.86,0.926,
2021-04-04T00:00:00Z,3.07E+07,35133,63552.429,555560,297,820.714,92786.315,106.141,192,1678.416,0.897,2.479,1.04,8608,26.006,35667,107.754,,,36173,109.283,563355,3.89E+08,1174.869,1.702,1203816,3.637,0.052,19.2,tests performed,1.65E+08,1.06E+08,6.14E+07,3365324,3084436,49.35,31.76,18.36,9223,56.94,3.31E+08,35.608,38.3,15.413,9.732,54225.446,1.2,151.089,10.79,19.1,24.6,,2.77,78.86,0.926,3.25
2021-04-05T00:00:00Z,3.08E+07,77404,64714,556066,506,792,93020.162,233.847,195.509,1679.944,1.529,2.393,1.05,8851,26.74,36618,110.628,,,,109.283,945948,3.90E+08,1177.727,2.858,1195275,3.611,0.053,18.9,tests performed,1.67E+08,1.08E+08,6.24E+07,2134049,3053566,49.99,32.15,18.66,9130,56.94,3.31E+08,35.608,38.3,15.413,9.732,54225.446,1.2,151.089,10.79,19.1,24.6,,2.77,78.86,0.926,
2021-04-06T00:00:00Z,3.09E+07,60674,64606.143,556926,860,788.571,93203.466,183.304,195.183,1682.542,2.598,2.382,1.05,9012,27.226,37544,113.425,,,,109.283,1548735,3.91E+08,1182.405,4.679,1197892,3.619,0.053,18.9,tests performed,1.69E+08,1.08E+08,6.30E+07,1404280,2998533,50.41,32.38,18.84,8966,56.94,3.31E+08,35.608,38.3,15.413,9.732,54225.446,1.2,151.089,10.79,19.1,24.6,,2.77,78.86,0.926,
2021-04-07T00:00:00Z,3.09E+07,75021,65785.571,559519,2593,1005.286,93430.114,226.648,198.746,1690.376,7.834,3.037,1.05,9025,27.266,37741,114.02,,,,109.283,1662870,3.93E+08,1187.429,5.024,1210016,3.656,0.053,18.9,tests performed,1.71E+08,1.10E+08,6.44E+07,2884580,3029052,51.27,32.89,19.26,9057,56.94,3.31E+08,35.608,38.3,15.413,9.732,54225.446,1.2,151.089,10.79,19.1,24.6,,2.77,78.86,0.926,
2021-04-08T00:00:00Z,3.10E+07,79894,65896.286,560546,1027,998.143,93671.484,241.37,199.081,1693.479,3.103,3.016,1.06,9195,27.779,37947,114.643,,,,109.283,1510780,3.95E+08,1191.993,4.564,1220235,3.686,0.053,18.9,tests performed,1.75E+08,1.12E+08,6.62E+07,3403061,3035473,52.29,33.5,19.8,9076,56.94,3.31E+08,35.608,38.3,15.413,9.732,54225.446,1.2,151.089,10.79,19.1,24.6,,2.77,78.86,0.926,
2021-04-09T00:00:00Z,3.11E+07,82710,67728.143,561437,891,989.143,93921.361,249.877,204.615,1696.171,2.692,2.988,1.06,9146,27.631,37846,114.337,,,,109.283,1446737,3.96E+08,1196.364,4.371,1235290,3.732,0.053,18.9,tests performed,1.79E+08,1.14E+08,6.82E+07,3958065,3033045,53.47,34.22,20.39,9069,56.94,3.31E+08,35.608,38.3,15.413,9.732,54225.446,1.2,151.089,10.79,19.1,24.6,,2.77,78.86,0.926,
2021-04-10T00:00:00Z,3.12E+07,66687,68217.571,562149,712,983.714,94122.83,201.47,206.094,1698.322,2.151,2.972,1.05,9130,27.583,37539,113.41,,,,109.283,1009024,3.97E+08,1199.413,3.048,1241064,3.749,0.053,18.9,tests performed,1.83E+08,1.17E+08,7.07E+07,4629928,3111327,54.86,35.03,21.14,9303,56.94,3.31E+08,35.608,38.3,15.413,9.732,54225.446,1.2,151.089,10.79,19.1,24.6,,2.77,78.86,0.926,
2021-04-11T00:00:00Z,3.12E+07,46509,69842.714,562454,305,984.857,94263.34,140.509,211.003,1699.243,0.921,2.975,1.05,9248,27.939,38087,115.066,,,39219,118.485,643033,3.98E+08,1201.355,1.943,1252447,3.784,0.054,18.5,tests performed,1.87E+08,1.19E+08,7.26E+07,3579422,3141912,55.93,35.65,21.72,9394,56.94,3.31E+08,35.608,38.3,15.413,9.732,54225.446,1.2,151.089,10.79,19.1,24.6,,2.77,78.86,0.926,6.71
2021-04-12T00:00:00Z,3.13E+07,70075,68795.714,562929,475,980.429,94475.045,211.705,207.84,1700.678,1.435,2.962,1.04,9455,28.565,38924,117.594,,,,118.485,1050010,3.99E+08,1204.528,3.172,1267313,3.829,0.053,18.9,tests performed,1.90E+08,1.21E+08,7.41E+07,2644914,3214893,56.72,36.13,22.15,9613,56.94,3.31E+08,35.608,38.3,15.413,9.732,54225.446,1.2,151.089,10.79,19.1,24.6,,2.77,78.86,0.926,
2021-04-13T00:00:00Z,3.13E+07,77966,71266,563762,833,976.571,94710.59,235.545,215.303,1703.195,2.517,2.95,1.03,9540,28.822,39199,118.425,,,,118.485,1606756,4.00E+08,1209.382,4.854,1275601,3.854,0.054,18.5,tests performed,1.92E+08,1.22E+08,7.53E+07,2590736,3384387,57.49,36.57,22.52,10120,56.94,3.31E+08,35.608,38.3,15.413,9.732,54225.446,1.2,151.089,10.79,19.1,24.6,,2.77,78.86,0.926,
2021-04-14T00:00:00Z,3.14E+07,75403,71320.571,564716,954,742.429,94938.392,227.802,215.468,1706.077,2.882,2.243,1.01,9588,28.967,39464,119.226,,,,118.485,1667886,4.02E+08,1214.421,5.039,1276318,3.856,0.054,18.5,tests performed,1.95E+08,1.24E+08,7.67E+07,2509055,3330740,58.24,37.05,22.93,9959,56.94,3.31E+08,35.608,38.3,15.413,9.732,54225.446,1.2,151.089,10.79,19.1,24.6,,2.77,78.86,0.926,
2021-04-15T00:00:00Z,3.15E+07,74308,70522.571,565620,904,724.857,95162.886,224.494,213.057,1708.808,2.731,2.19,0.99,9480,28.64,39183,118.377,,,,118.485,1477543,4.03E+08,1218.884,4.464,1271570,3.842,0.054,18.5,tests performed,1.98E+08,1.26E+08,7.85E+07,3525204,3348189,59.3,37.62,23.47,10011,56.94,3.31E+08,35.608,38.3,15.413,9.732,54225.446,1.2,151.089,10.79,19.1,24.6,,2.77,78.86,0.926,
2021-04-16T00:00:00Z,3.16E+07,80071,70145.571,566498,878,723,95404.79,241.904,211.918,1711.461,2.653,2.184,0.97,9533,28.8,39407,119.053,,,,118.485,1448275,4.05E+08,1223.26,4.375,1271790,3.842,0.053,18.9,tests performed,2.02E+08,1.28E+08,8.06E+07,3965883,3349306,60.48,38.2,24.1,10015,56.94,3.31E+08,35.608,38.3,15.413,9.732,54225.446,1.2,151.089,10.79,19.1,24.6,,2.77,78.86,0.926,
2021-04-17T00:00:00Z,3.16E+07,52532,68123.429,567198,700,721.286,95563.496,158.706,205.809,1713.575,2.115,2.179,0.95,9553,28.861,39006,117.842,,,,118.485,1005457,4.06E+08,1226.297,3.038,1271280,3.841,0.053,18.9,tests performed,2.06E+08,1.29E+08,8.25E+07,3588990,3200601,61.56,38.72,24.66,9570,56.94,3.31E+08,35.608,38.3,15.413,9.732,54225.446,1.2,151.089,10.79,19.1,24.6,,2.77,78.86,0.926,
2021-04-18T00:00:00Z,3.17E+07,42121,67496.571,567535,337,725.857,95690.748,127.253,203.916,1714.594,1.018,2.193,0.95,9634,29.106,39458,119.208,,,39943,120.673,611177,4.07E+08,1228.144,1.846,1266729,3.827,0.053,18.9,tests performed,2.09E+08,1.31E+08,8.43E+07,3534901,3194240,62.61,39.24,25.2,9551,56.94,3.31E+08,35.608,38.3,15.413,9.732,54225.446,1.2,151.089,10.79,19.1,24.6,,2.77,78.86,0.926,3.91
2021-04-19T00:00:00Z,3.17E+07,68105,67215.143,568035,500,729.429,95896.502,205.754,203.065,1716.104,1.511,2.204,0.94,9831,29.701,40209,121.476,,,,120.673,1014311,4.08E+08,1231.208,3.064,1261629,3.812,0.051,19.6,tests performed,2.12E+08,1.32E+08,8.54E+07,2174495,3127038,63.26,39.56,25.52,9350,56.94,3.31E+08,35.608,38.3,15.413,9.732,54225.446,1.2,151.089,10.79,19.1,24.6,,2.77,78.86,0.926,
2021-04-20T00:00:00Z,3.18E+07,60949,64784.143,568877,842,730.714,96080.636,184.134,195.721,1718.648,2.544,2.208,0.92,9920,29.97,40204,121.461,,,,120.673,1564075,4.09E+08,1235.934,4.725,1255532,3.793,0.05,20,tests performed,2.13E+08,1.33E+08,8.62E+07,1806929,3015065,63.8,39.85,25.78,9015,56.94,3.31E+08,35.608,38.3,15.413,9.732,54225.446,1.2,151.089,10.79,19.1,24.6,,2.77,78.86,0.926,
2021-04-21T00:00:00Z,3.19E+07,62855,62991.571,569737,860,717.286,96270.529,189.893,190.305,1721.246,2.598,2.167,0.91,9921,29.973,40045,120.981,,,,120.673,1648096,4.11E+08,1240.913,4.979,1252705,3.785,0.049,20.4,tests performed,2.16E+08,1.34E+08,8.76E+07,2563671,3022868,64.57,40.2,26.19,9039,56.94,3.31E+08,35.608,38.3,15.413,9.732,54225.446,1.2,151.089,10.79,19.1,24.6,,2.77,78.86,0.926,
2021-04-22T00:00:00Z,3.19E+07,67278,61987.286,570706,969,726.571,96473.784,203.255,187.271,1724.174,2.927,2.195,0.89,9847,29.749,39192,118.404,,,,120.673,1490286,4.12E+08,1245.415,4.502,1254525,3.79,0.047,21.3,tests performed,2.19E+08,1.36E+08,8.92E+07,2995734,2947229,65.47,40.6,26.68,8812,56.94,3.31E+08,35.608,38.3,15.413,9.732,54225.446,1.2,151.089,10.79,19.1,24.6,,2.77,78.86,0.926,
2021-04-23T00:00:00Z,3.20E+07,62411,59464.429,571483,777,712.143,96662.336,188.551,179.649,1726.521,2.347,2.151,0.88,9709,29.332,38550,116.464,,,,120.673,1406284,4.14E+08,1249.664,4.249,1248527,3.772,0.046,21.7,tests performed,2.22E+08,1.37E+08,9.12E+07,3374587,2862758,66.48,41.03,27.26,8560,56.94,3.31E+08,35.608,38.3,15.413,9.732,54225.446,1.2,151.089,10.79,19.1,24.6,,2.77,78.86,0.926,
2021-04-24T00:00:00Z,3.20E+07,53495,59602,572234,751,719.429,96823.951,161.615,180.065,1728.79,2.269,2.173,0.88,9576,28.93,37355,112.854,,,,120.673,992208,4.15E+08,1252.661,2.998,1246634,3.766,0.044,22.7,tests performed,2.26E+08,1.39E+08,9.31E+07,3318230,2824078,67.47,41.46,27.83,8444,56.94,3.31E+08,35.608,38.3,15.413,9.732,54225.446,1.2,151.089,10.79,19.1,24.6,,2.77,78.86,0.926,
2021-04-25T00:00:00Z,3.21E+07,32153,58178,572527,293,713.143,96921.089,97.138,175.763,1729.675,0.885,2.154,0.87,9550,28.852,37130,112.174,,,37177,112.316,588584,4.15E+08,1254.439,1.778,1243406,3.756,0.043,23.3,tests performed,2.29E+08,1.40E+08,9.48E+07,3020948,2750656,68.37,41.85,28.34,8225,56.94,3.31E+08,35.608,38.3,15.413,9.732,54225.446,1.2,151.089,10.79,19.1,24.6,,2.77,78.86,0.926,7.49
2021-04-26T00:00:00Z,3.21E+07,47568,55244.143,573017,490,711.714,97064.798,143.709,166.899,1731.155,1.48,2.15,0.87,9762,29.492,37537,113.404,,,,112.316,994028,4.16E+08,1257.442,3.003,1240509,3.748,0.044,22.7,tests performed,2.31E+08,1.41E+08,9.59E+07,2107046,2741021,69,42.15,28.67,8196,56.94,3.31E+08,35.608,38.3,15.413,9.732,54225.446,1.2,151.089,10.79,19.1,24.6,,2.77,78.86,0.926,
2021-04-27T00:00:00Z,3.22E+07,50836,53799.429,573671,654,684.857,97218.38,153.582,162.535,1733.131,1.976,2.069,0.87,9669,29.211,37195,112.371,,,,112.316,1568424,4.18E+08,1262.181,4.738,1241130,3.75,0.043,23.3,tests performed,2.32E+08,1.42E+08,9.67E+07,1639215,2717062,69.49,42.38,28.93,8124,56.94,3.31E+08,35.608,38.3,15.413,9.732,54225.446,1.2,151.089,10.79,19.1,24.6,,2.77,78.86,0.926,
2021-04-28T00:00:00Z,3.22E+07,55150,52698.714,574639,968,700.286,97384.995,166.615,159.209,1736.056,2.924,2.116,0.87,9540,28.822,36881,111.422,,,,112.316,1572188,4.19E+08,1266.931,4.75,1230286,3.717,0.042,23.8,tests performed,2.35E+08,1.43E+08,9.80E+07,2231745,2669644,70.16,42.67,29.32,7982,56.94,3.31E+08,35.608,38.3,15.413,9.732,54225.446,1.2,151.089,10.79,19.1,24.6,,2.77,78.86,0.926,
2021-04-29T00:00:00Z,3.23E+07,58251,51409.143,575516,877,687.143,97560.978,175.983,155.313,1738.705,2.65,2.076,0.87,9375,28.323,35986,108.718,,,,112.316,1414362,4.21E+08,1271.204,4.273,1219440,3.684,0.042,23.8,tests performed,2.37E+08,1.44E+08,9.97E+07,2721079,2630407,70.97,43,29.8,7865,56.94,3.31E+08,35.608,38.3,15.413,9.732,54225.446,1.2,151.089,10.79,19.1,24.6,,2.77,78.86,0.926,
2021-04-30T00:00:00Z,3.24E+07,57919,50767.429,576265,749,683.143,97735.959,174.98,153.375,1740.968,2.263,2.064,0.87,9245,27.93,35354,106.809,,,,112.316,1309775,4.22E+08,1275.161,3.957,1205653,3.642,0.042,23.8,tests performed,2.40E+08,1.45E+08,1.01E+08,2799184,2548207,71.81,43.32,30.32,7619,56.94,3.31E+08,35.608,38.3,15.413,9.732,54225.446,1.2,151.089,10.79,19.1,24.6,,2.77,78.86,0.926,
2021-05-01T00:00:00Z,3.24E+07,45391,49609.714,576980,715,678,97873.09,137.132,149.877,1743.128,2.16,2.048,0.87,9108,27.516,33994,102.7,,,,112.316,901629,4.23E+08,1277.884,2.724,1192713,3.603,0.041,24.4,tests performed,2.43E+08,1.46E+08,1.03E+08,3303794,2546144,72.8,43.73,30.92,7613,56.94,3.31E+08,35.608,38.3,15.413,9.732,54225.446,1.2,151.089,10.79,19.1,24.6,,2.77,78.86,0.926,
2021-05-02T00:00:00Z,3.24E+07,29403,49216.857,577317,337,684.286,97961.921,88.83,148.69,1744.146,1.018,2.067,0.87,9078,27.426,33753,101.972,,,33772,102.029,520900,4.24E+08,1279.458,1.574,1183044,3.574,0.041,24.4,tests performed,2.46E+08,1.47E+08,1.05E+08,2127998,2418580,73.43,43.97,31.33,7232,56.94,3.31E+08,35.608,38.3,15.413,9.732,54225.446,1.2,151.089,10.79,19.1,24.6,,2.77,78.86,0.926,7.91
2021-05-03T00:00:00Z,3.25E+07,50491,49634.429,577820,503,686.143,98114.46,152.54,149.952,1745.666,1.52,2.073,0.86,9214,27.837,33953,102.576,,,,102.029,891484,4.24E+08,1282.151,2.693,1168395,3.53,0.041,24.4,tests performed,2.47E+08,1.48E+08,1.06E+08,1188734,2287393,73.79,44.11,31.55,6839,56.94,3.31E+08,35.608,38.3,15.413,9.732,54225.446,1.2,151.089,10.79,19.1,24.6,,2.77,78.86,0.926,
2021-05-04T00:00:00Z,3.25E+07,40723,48189.714,578694,874,717.571,98237.489,123.029,145.587,1748.306,2.64,2.168,0.84,9185,27.749,33739,101.93,,,,102.029,1417425,4.26E+08,1286.434,4.282,1146823,3.465,0.041,24.4,tests performed,2.48E+08,1.48E+08,1.06E+08,988846,2194483,74.08,44.22,31.75,6562,56.94,3.31E+08,35.608,38.3,15.413,9.732,54225.446,1.2,151.089,10.79,19.1,24.6,,2.77,78.86,0.926,
2021-05-05T00:00:00Z,3.26E+07,44704,46697.429,579489,795,692.857,98372.546,135.056,141.079,1750.708,2.402,2.093,0.83,8959,27.066,33338,100.718,,,,102.029,1522724,4.27E+08,1291.034,4.6,1139757,3.443,0.04,25,tests performed,2.50E+08,1.49E+08,1.07E+08,1797771,2132487,74.62,44.42,32.1,6376,56.94,3.31E+08,35.608,38.3,15.413,9.732,54225.446,1.2,151.089,10.79,19.1,24.6,,2.77,78.86,0.926,
2021-05-06T00:00:00Z,3.26E+07,47557,45169.714,580287,798,681.571,98516.221,143.676,136.463,1753.119,2.411,2.059,0.83,8838,26.701,32491,98.159,,,,102.029,1304136,4.29E+08,1294.974,3.94,1124010,3.396,0.039,25.6,tests performed,2.52E+08,1.49E+08,1.09E+08,2406932,2087608,75.34,44.69,32.57,6242,56.94,3.31E+08,35.608,38.3,15.413,9.732,54225.446,1.2,151.089,10.79,19.1,24.6,,2.77,78.86,0.926,
2021-05-07T00:00:00Z,3.27E+07,48130,43771.286,581046,759,683,98661.628,145.407,132.238,1755.412,2.293,2.063,0.82,8651,26.136,31821,96.135,,,,102.029,1171771,4.30E+08,1298.514,3.54,1104296,3.336,0.038,26.3,tests performed,2.55E+08,1.50E+08,1.11E+08,2805581,2088522,76.18,44.98,33.15,6245,56.94,3.31E+08,35.608,38.3,15.413,9.732,54225.446,1.2,151.089,10.79,19.1,24.6,,2.77,78.86,0.926,
2021-05-08T00:00:00Z,3.27E+07,33675,42097.571,581676,630,670.857,98763.364,101.736,127.182,1757.315,1.903,2.027,0.82,8472,25.595,30622,92.513,,,,102.029,849051,4.31E+08,1301.079,2.565,1096784,3.314,0.037,27,tests performed,2.57E+08,1.51E+08,1.13E+08,2567872,1983391,76.95,45.24,33.68,5930,56.94,3.31E+08,35.608,38.3,15.413,9.732,54225.446,1.2,151.089,10.79,19.1,24.6,,2.77,78.86,0.926,
2021-05-09T00:00:00Z,3.27E+07,21427,40958.143,581925,249,658.286,98828.098,64.734,123.74,1758.068,0.752,1.989,0.82,8362,25.263,30141,91.06,,,30244,91.371,482659,4.31E+08,1302.537,1.458,1091321,3.297,0.035,28.6,tests performed,2.60E+08,1.52E+08,1.14E+08,2369784,2017931,77.66,45.48,34.16,6034,52.31,3.31E+08,35.608,38.3,15.413,9.732,54225.446,1.2,151.089,10.79,19.1,24.6,,2.77,78.86,0.926,5.83
2021-05-10T00:00:00Z,3.27E+07,36798,39002,582338,413,645.429,98939.269,111.171,117.83,1759.315,1.248,1.95,0.81,8344,25.208,29979,90.57,,,,91.371,854429,4.32E+08,1305.119,2.581,1086028,3.281,0.035,28.6,tests performed,2.62E+08,1.53E+08,1.16E+08,1882392,2117025,78.22,45.69,34.54,6330,52.31,3.31E+08,35.608,38.3,15.413,9.732,54225.446,1.2,151.089,10.79,19.1,24.6,,2.77,78.86,0.926,
2021-05-11T00:00:00Z,3.28E+07,33662,37993.286,583025,687,618.714,99040.966,101.697,114.782,1761.391,2.076,1.869,0.81,8301,25.078,29476,89.051,,,,91.371,1327196,4.33E+08,1309.128,4.01,1073138,3.242,0.034,29.4,tests performed,2.63E+08,1.53E+08,1.17E+08,1533180,2194787,78.68,45.88,34.86,6563,52.31,3.31E+08,35.608,38.3,15.413,9.732,54225.446,1.2,151.089,10.79,19.1,24.6,,2.77,78.86,0.926,
2021-05-12T00:00:00Z,3.28E+07,35826,36725,583793,768,614.857,99149.201,108.235,110.951,1763.711,2.32,1.858,0.8,8117,24.522,29107,87.936,,,,91.371,1336702,4.35E+08,1313.167,4.038,1046563,3.162,0.033,30.3,tests performed,2.65E+08,1.54E+08,1.18E+08,1548283,2159146,79.14,46.04,35.18,6456,52.31,3.31E+08,35.608,38.3,15.413,9.732,54225.446,1.2,151.089,10.79,19.1,24.6,,2.77,78.86,0.926,
2021-05-13T00:00:00Z,3.29E+07,38076,35370.571,584559,766,610.286,99264.233,115.032,106.859,1766.025,2.314,1.844,0.81,7919,23.924,28166,85.093,,,,91.371,1189434,4.36E+08,1316.76,3.593,1030177,3.112,0.033,30.3,tests performed,2.67E+08,1.55E+08,1.19E+08,1915642,2088962,79.71,46.23,35.58,6246,52.31,3.31E+08,35.608,38.3,15.413,9.732,54225.446,1.2,151.089,10.79,19.1,24.6,,2.77,78.86,0.926,
2021-05-14T00:00:00Z,3.29E+07,42260,34532,585216,657,595.714,99391.906,127.673,104.325,1768.01,1.985,1.8,0.81,7630,23.051,27410,82.809,,,,91.371,1080466,4.37E+08,1320.024,3.264,1017134,3.073,0.032,31.2,tests performed,2.68E+08,1.55E+08,1.20E+08,1842180,1951333,80.26,46.42,35.96,5835,52.31,3.31E+08,35.608,38.3,15.413,9.732,54225.446,1.2,151.089,10.79,19.1,24.6,,2.77,78.86,0.926,
2021-05-15T00:00:00Z,3.29E+07,28857,33843.714,585715,499,577,99479.087,87.181,102.246,1769.518,1.508,1.743,0.81,7410,22.387,26170,79.063,,,,91.371,785223,4.38E+08,1322.396,2.372,1008016,3.045,0.031,32.3,tests performed,2.71E+08,1.56E+08,1.22E+08,2393676,1926448,80.98,46.71,36.41,5760,52.31,3.31E+08,35.608,38.3,15.413,9.732,54225.446,1.2,151.089,10.79,19.1,24.6,,2.77,78.86,0.926,
2021-05-16T00:00:00Z,3.29E+07,16875,33193.429,585992,277,581,99530.068,50.981,100.281,1770.354,0.837,1.755,0.81,7271,21.967,25634,77.443,,,25868,78.15,452335,4.38E+08,1323.763,1.367,1003684,3.032,0.03,33.3,tests performed,2.73E+08,1.57E+08,1.23E+08,2093069,1886917,81.61,46.98,36.78,5642,52.31,3.31E+08,35.608,38.3,15.413,9.732,54225.446,1.2,151.089,10.79,19.1,24.6,,2.77,78.86,0.926,5.97
2021-05-17T00:00:00Z,3.30E+07,28621,32025.286,586390,398,578.857,99616.536,86.468,96.752,1771.557,1.202,1.749,0.79,7300,22.054,25550,77.19,,,,78.15,793524,4.39E+08,1326.16,2.397,994983,3.006,0.03,33.3,tests performed,2.74E+08,1.58E+08,1.24E+08,1486490,1830360,82.05,47.19,37.03,5473,52.31,3.31E+08,35.608,38.3,15.413,9.732,54225.446,1.2,151.089,10.79,19.1,24.6,,2.77,78.86,0.926,
2021-05-18T00:00:00Z,3.30E+07,27789,31186.286,587161,771,590.857,99700.49,83.954,94.218,1773.886,2.329,1.785,0.78,7162,21.637,25010,75.558,,,,78.15,1210354,4.40E+08,1329.817,3.657,978291,2.956,0.03,33.3,tests performed,2.76E+08,1.58E+08,1.24E+08,1123306,1771807,82.39,47.35,37.21,5298,52.31,3.31E+08,35.608,38.3,15.413,9.732,54225.446,1.2,151.089,10.79,19.1,24.6,,2.77,78.86,0.926,
2021-05-19T00:00:00Z,3.30E+07,29301,30254.143,587837,676,577.714,99789.012,88.522,91.402,1775.928,2.042,1.745,0.77,7059,21.326,24917,75.277,,,,78.15,1174539,4.41E+08,1333.365,3.548,955125,2.886,0.029,34.5,tests performed,2.77E+08,1.59E+08,1.25E+08,1754966,1801333,82.91,47.59,37.51,5386,52.31,3.31E+08,35.608,38.3,15.413,9.732,54225.446,1.2,151.089,10.79,19.1,24.6,,2.77,78.86,0.926,
2021-05-20T00:00:00Z,3.31E+07,30206,29129.857,588514,677,565,99880.268,91.256,88.005,1777.974,2.045,1.707,0.77,6840,20.664,23934,72.308,,,,78.15,1003961,4.42E+08,1336.399,3.033,928629,2.806,0.029,34.5,tests performed,2.79E+08,1.60E+08,1.27E+08,2107077,1828681,83.54,47.89,37.86,5468,52.31,3.31E+08,35.608,38.3,15.413,9.732,54225.446,1.2,151.089,10.79,19.1,24.6,,2.77,78.86,0.926,
2021-05-21T00:00:00Z,3.31E+07,27946,27085,589129,615,559,99964.696,84.428,81.827,1779.832,1.858,1.689,0.77,6665,20.136,23388,70.658,,,,78.15,980267,4.43E+08,1339.36,2.962,914315,2.762,0.028,35.7,tests performed,2.82E+08,1.61E+08,1.28E+08,2198101,1879526,84.2,48.22,38.21,5620,52.31,3.31E+08,35.608,38.3,15.413,9.732,54225.446,1.2,151.089,10.79,19.1,24.6,,2.77,78.86,0.926,
2021-05-22T00:00:00Z,3.31E+07,19798,25790.857,589626,497,558.714,100024.508,59.812,77.917,1781.333,1.501,1.688,0.78,6472,19.553,22632,68.374,,,,78.15,706585,4.44E+08,1341.495,2.135,903081,2.728,0.028,35.7,tests performed,2.84E+08,1.62E+08,1.29E+08,2345872,1872697,84.9,48.58,38.57,5599,52.31,3.31E+08,35.608,38.3,15.413,9.732,54225.446,1.2,151.089,10.79,19.1,24.6,,2.77,78.86,0.926,
2021-05-23T00:00:00Z,3.31E+07,12868,25218.429,589823,197,547.286,100063.384,38.876,76.188,1781.928,0.595,1.653,0.79,6412,19.371,22433,67.773,,,22872,69.099,406860,4.44E+08,1342.724,1.229,896584,2.709,0.027,37,tests performed,2.86E+08,1.63E+08,1.30E+08,1779363,1827882,85.43,48.83,38.87,5465,46.76,3.31E+08,35.608,38.3,15.413,9.732,54225.446,1.2,151.089,10.79,19.1,24.6,,2.77,78.86,0.926,6.72
2021-05-24T00:00:00Z,3.31E+07,25815,24817.571,590269,446,554.143,100141.374,77.99,74.977,1783.276,1.347,1.674,0.79,6418,19.39,22407,67.694,,,,69.099,704429,4.45E+08,1344.852,2.128,883856,2.67,0.027,37,tests performed,2.87E+08,1.64E+08,1.31E+08,1170314,1782714,85.78,49.01,39.05,5330,46.76,3.31E+08,35.608,38.3,15.413,9.732,54225.446,1.2,151.089,10.79,19.1,24.6,,2.77,78.86,0.926,
2021-05-25T00:00:00Z,3.32E+07,22739,24096.143,590903,634,534.571,100210.072,68.697,72.797,1785.191,1.915,1.615,0.78,6310,19.063,22066,66.664,,,,69.099,1069541,4.46E+08,1348.083,3.231,863740,2.609,0.026,38.5,tests performed,2.88E+08,1.64E+08,1.31E+08,897972,1750524,86.05,49.15,39.19,5234,46.76,3.31E+08,35.608,38.3,15.413,9.732,54225.446,1.2,151.089,10.79,19.1,24.6,,2.77,78.86,0.926,
2021-05-26T00:00:00Z,3.32E+07,23976,23335.429,591882,979,577.857,100282.506,72.434,70.499,1788.149,2.958,1.746,0.76,6139,18.547,21574,65.178,,,,69.099,1043567,4.47E+08,1351.236,3.153,845030,2.553,0.026,38.5,tests performed,2.89E+08,1.65E+08,1.32E+08,1423432,1703162,86.48,49.36,39.42,5093,46.76,3.31E+08,35.608,38.3,15.413,9.732,54225.446,1.2,151.089,10.79,19.1,24.6,,2.77,78.86,0.926,
2021-05-27T00:00:00Z,3.32E+07,27448,22941.429,593244,1362,675.714,100365.43,82.924,69.309,1792.264,4.115,2.041,0.75,5998,18.121,21024,63.516,,,,69.099,922756,4.48E+08,1354.024,2.788,833429,2.518,0.026,38.5,tests performed,2.91E+08,1.66E+08,1.33E+08,1512303,1618194,86.93,49.55,39.7,4838,46.76,3.31E+08,35.608,38.3,15.413,9.732,54225.446,1.2,151.089,10.79,19.1,24.6,,2.77,78.86,0.926,
2021-05-28T00:00:00Z,3.32E+07,21859,22071.857,593805,561,668,100431.469,66.039,66.682,1793.958,1.695,2.018,0.72,5776,17.45,20365,61.525,,,,69.099,832983,4.49E+08,1356.54,2.517,812389,2.454,0.025,40,tests performed,2.92E+08,1.66E+08,1.34E+08,1375171,1500632,87.34,49.75,39.93,4487,46.76,3.31E+08,35.608,38.3,15.413,9.732,54225.446,1.2,151.089,10.79,19.1,24.6,,2.77,78.86,0.926,
2021-05-29T00:00:00Z,3.33E+07,12001,20958,594137,332,644.429,100467.725,36.257,63.317,1794.961,1.003,1.947,0.71,5603,16.927,19446,58.749,,,,69.099,576735,4.50E+08,1358.283,1.742,793839,2.398,0.024,41.7,tests performed,2.94E+08,1.67E+08,1.34E+08,1605272,1394832,87.82,49.98,40.19,4171,46.76,3.31E+08,35.608,38.3,15.413,9.732,54225.446,1.2,151.089,10.79,19.1,24.6,,2.77,78.86,0.926,
2021-05-30T00:00:00Z,3.33E+07,6734,20081.714,594272,135,635.571,100488.07,20.344,60.669,1795.369,0.408,1.92,0.71,5521,16.68,19035,57.507,,,19975,60.347,358180,4.50E+08,1359.365,1.082,786884,2.377,0.024,41.7,tests performed,2.95E+08,1.68E+08,1.35E+08,1223800,1315466,88.19,50.15,40.39,3933,46.76,3.31E+08,35.608,38.3,15.413,9.732,54225.446,1.2,151.089,10.79,19.1,24.6,,2.77,78.86,0.926,4.11
2021-05-31T00:00:00Z,3.33E+07,5775,17218.857,594425,153,593.714,100505.517,17.447,52.02,1795.832,0.462,1.794,0.71,5538,16.731,18651,56.347,,,,60.347,314405,4.50E+08,1360.315,0.95,731167,2.209,0.025,40,tests performed,,,1.35E+08,,1253664,,,40.39,3749,46.76,3.31E+08,35.608,38.3,15.413,9.732,54225.446,1.2,151.089,10.79,19.1,24.6,,2.77,78.86,0.926,
2021-06-01T00:00:00Z,3.33E+07,22940,17247.571,595076,651,596.143,100574.821,69.305,52.107,1797.798,1.967,1.801,0.75,5488,16.58,18627,56.274,,,,60.347,703019,4.51E+08,1362.439,2.124,678806,2.051,0.024,41.7,tests performed,2.96E+08,1.68E+08,1.36E+08,,1230767,88.63,50.38,40.63,3680,46.76,3.31E+08,35.608,38.3,15.413,9.732,54225.446,1.2,151.089,10.79,19.1,24.6,,2.77,78.86,0.926,
2021-06-02T00:00:00Z,3.33E+07,16917,16239.143,595635,559,536.143,100625.929,51.108,49.06,1799.487,1.689,1.62,0.76,5319,16.069,18060,54.561,,,,60.347,1104492,4.52E+08,1365.775,3.337,687510,2.077,0.022,45.5,tests performed,2.97E+08,1.69E+08,1.36E+08,508652,1100084,88.78,50.45,40.71,3289,46.76,3.31E+08,35.608,38.3,15.413,9.732,54225.446,1.2,151.089,10.79,19.1,24.6,,2.77,78.86,0.926,
2021-06-03T00:00:00Z,3.33E+07,19080,15043.714,596254,619,430,100683.572,57.643,45.449,1801.357,1.87,1.299,0.77,5172,15.625,17606,53.19,,,,60.347,983990,4.53E+08,1368.748,2.973,696258,2.103,0.021,47.6,tests performed,2.98E+08,1.69E+08,1.37E+08,808036,999474,89.02,50.56,40.86,2988,46.76,3.31E+08,35.608,38.3,15.413,9.732,54225.446,1.2,151.089,10.79,19.1,24.6,,2.77,78.86,0.926,
2021-06-04T00:00:00Z,3.33E+07,16850,14328.143,596784,530,425.571,100734.478,50.906,43.287,1802.958,1.601,1.286,0.78,4992,15.081,16948,51.202,,,,60.347,866208,4.54E+08,1371.365,2.617,701004,2.118,0.02,50,tests performed,2.99E+08,1.70E+08,1.37E+08,1399594,1002963,89.44,50.75,41.1,2999,46.76,3.31E+08,35.608,38.3,15.413,9.732,54225.446,1.2,151.089,10.79,19.1,24.6,,2.77,78.86,0.926,
2021-06-05T00:00:00Z,3.34E+07,13906,14600.286,597166,382,432.714,100776.49,42.012,44.109,1804.112,1.154,1.307,0.81,4765,14.396,16280,49.184,,,,60.347,614885,4.55E+08,1373.223,1.858,706454,2.134,0.02,50,tests performed,3.00E+08,1.70E+08,1.38E+08,1148208,937669,89.78,50.91,41.3,2804,46.76,3.31E+08,35.608,38.3,15.413,9.732,54225.446,1.2,151.089,10.79,19.1,24.6,,2.77,78.86,0.926,
2021-06-06T00:00:00Z,3.34E+07,5395,14409,597338,172,438,100792.789,16.299,43.531,1804.632,0.52,1.323,0.83,4675,14.124,15972,48.253,,,16365,49.441,369102,4.55E+08,1374.338,1.115,708014,2.139,0.02,50,tests performed,3.02E+08,1.71E+08,1.39E+08,1369848,958533,90.19,51.08,41.55,2866,46.76,3.31E+08,35.608,38.3,15.413,9.732,54225.446,1.2,151.089,10.79,19.1,24.6,,2.77,78.86,0.926,2.63
2021-06-07T00:00:00Z,3.34E+07,15496,15797.714,597655,317,461.429,100839.604,46.815,47.727,1805.59,0.958,1.394,0.84,4683,14.148,15725,47.507,,,,49.441,641923,4.56E+08,1376.277,1.939,754803,2.28,0.019,52.6,tests performed,3.03E+08,1.71E+08,1.40E+08,1213339,1026482,90.55,51.22,41.79,3069,46.76,3.31E+08,35.608,38.3,15.413,9.732,54225.446,1.2,151.089,10.79,19.1,24.6,,2.77,78.86,0.926,
2021-06-08T00:00:00Z,3.34E+07,13013,14379.571,597998,343,417.429,100878.918,39.314,43.442,1806.626,1.036,1.261,0.85,4608,13.921,15613,47.169,,,,49.441,888546,4.56E+08,1378.962,2.684,781307,2.36,0.019,52.6,tests performed,3.04E+08,1.72E+08,1.40E+08,1071750,1074204,90.87,51.35,41.99,3212,46.76,3.31E+08,35.608,38.3,15.413,9.732,54225.446,1.2,151.089,10.79,19.1,24.6,,2.77,78.86,0.926,
2021-06-09T00:00:00Z,3.34E+07,18647,14626.714,598449,451,402,100935.253,56.335,44.189,1807.989,1.363,1.214,0.86,4479,13.532,15246,46.06,,,,49.441,873817,4.57E+08,1381.601,2.64,748353,2.261,0.021,47.6,tests performed,3.05E+08,1.72E+08,1.41E+08,829809,1120083,91.12,51.45,42.15,3349,46.76,3.31E+08,35.608,38.3,15.413,9.732,54225.446,1.2,151.089,10.79,19.1,24.6,,2.77,78.86,0.926,
2021-06-10T00:00:00Z,3.34E+07,14545,13978.857,598882,433,375.429,100979.195,43.942,42.232,1809.297,1.308,1.134,0.86,4383,13.242,14816,44.761,,,,49.441,789622,4.58E+08,1383.987,2.386,720586,2.177,0.021,47.6,tests performed,3.06E+08,1.72E+08,1.42E+08,934142,1138099,91.4,51.56,42.33,3403,46.76,3.31E+08,35.608,38.3,15.413,9.732,54225.446,1.2,151.089,10.79,19.1,24.6,,2.77,78.86,0.926,
2021-06-11T00:00:00Z,3.34E+07,24699,15100.143,599533,651,392.714,101053.814,74.619,45.619,1811.263,1.967,1.186,0.86,4300,12.991,14396,43.492,,,,49.441,770676,4.59E+08,1386.315,2.328,706939,2.136,0.021,47.6,tests performed,3.07E+08,1.73E+08,1.42E+08,822177,1055610,91.65,51.66,42.49,3156,46.76,3.31E+08,35.608,38.3,15.413,9.732,54225.446,1.2,151.089,10.79,19.1,24.6,,2.77,78.86,0.926,
2021-06-12T00:00:00Z,3.35E+07,8228,14289,599827,294,380.143,101078.672,24.858,43.169,1812.152,0.888,1.148,0.86,4185,12.643,13916,42.042,,,,49.441,561510,4.59E+08,1388.012,1.696,699314,2.113,0.02,50,tests performed,3.08E+08,1.73E+08,1.43E+08,1602933,1120571,92.13,51.85,42.79,3351,46.76,3.31E+08,35.608,38.3,15.413,9.732,54225.446,1.2,151.089,10.79,19.1,24.6,,2.77,78.86,0.926,
2021-06-13T00:00:00Z,3.35E+07,4777,14200.714,599941,114,371.857,101093.104,14.432,42.902,1812.496,0.344,1.123,0.85,4048,12.23,13935,42.099,,,14823,44.782,348290,4.60E+08,1389.064,1.052,696341,2.104,0.019,52.6,tests performed,3.09E+08,1.74E+08,1.44E+08,1209817,1097710,92.49,51.98,43.03,3282,46.76,3.31E+08,35.608,38.3,15.413,9.732,54225.446,1.2,151.089,10.79,19.1,24.6,,2.77,78.86,0.926,
2021-06-14T00:00:00Z,3.35E+07,12730,13805.571,600121,180,352.286,101131.563,38.459,41.708,1813.04,0.544,1.064,0.84,4067,12.287,13899,41.991,,,,44.782,598531,4.60E+08,1390.872,1.808,690142,2.085,0.019,52.6,tests performed,3.11E+08,1.74E+08,1.45E+08,1323282,1113416,92.88,52.1,43.33,3329,58.8,3.31E+08,35.608,38.3,15.413,9.732,54225.446,1.2,151.089,10.79,19.1,24.6,,2.77,78.86,0.926,
2021-06-15T00:00:00Z,3.35E+07,11305,13561.571,600441,320,349,101165.717,34.154,40.971,1814.007,0.967,1.054,0.83,3940,11.903,13690,41.359,,,,44.782,828568,4.61E+08,1393.375,2.503,681573,2.059,0.019,52.6,tests performed,3.12E+08,1.75E+08,1.46E+08,1240847,1137572,93.26,52.23,43.59,3401,58.8,3.31E+08,35.608,38.3,15.413,9.732,54225.446,1.2,151.089,10.79,19.1,24.6,,2.77,78.86,0.926,
2021-06-16T00:00:00Z,3.35E+07,12425,12672.714,600818,377,338.429,101203.254,37.537,38.286,1815.146,1.139,1.022,0.83,3881,11.725,13463,40.673,,,,44.782,785754,4.62E+08,1395.749,2.374,668993,2.021,0.018,55.6,tests performed,3.13E+08,1.75E+08,1.46E+08,1028496,1165956,93.56,52.34,43.79,3486,58.8,3.31E+08,35.608,38.3,15.413,9.732,54225.446,1.2,151.089,10.79,19.1,24.6,,2.77,78.86,0.926,
2021-06-17T00:00:00Z,3.35E+07,10393,12079.571,601104,286,317.429,101234.653,31.399,36.494,1816.01,0.864,0.959,0.84,3806,11.498,13066,39.474,,,,44.782,718002,4.63E+08,1397.918,2.169,658762,1.99,0.018,55.6,tests performed,3.15E+08,1.76E+08,1.48E+08,2054216,1325967,94.18,52.59,44.18,3965,58.8,3.31E+08,35.608,38.3,15.413,9.732,54225.446,1.2,151.089,10.79,19.1,24.6,,2.77,78.86,0.926,
2021-06-18T00:00:00Z,3.35E+07,20591,11492.714,601704,600,310.143,101296.861,62.208,34.721,1817.822,1.813,0.937,0.87,3737,11.29,12829,38.758,,,,44.782,685319,4.63E+08,1399.989,2.07,646568,1.953,0.018,55.6,tests performed,3.16E+08,1.76E+08,1.48E+08,1079390,1362712,94.5,52.71,44.39,4075,58.8,3.31E+08,35.608,38.3,15.413,9.732,54225.446,1.2,151.089,10.79,19.1,24.6,,2.77,78.86,0.926,
2021-06-19T00:00:00Z,3.35E+07,8520,11534.429,601877,173,292.857,101322.601,25.74,34.847,1818.345,0.523,0.885,0.9,3671,11.091,12467,37.664,,,,44.782,492625,4.64E+08,1401.477,1.488,636727,1.924,0.018,55.6,tests performed,3.17E+08,1.77E+08,1.49E+08,1069021,1286438,94.82,52.85,44.59,3847,58.8,3.31E+08,35.608,38.3,15.413,9.732,54225.446,1.2,151.089,10.79,19.1,24.6,,2.77,78.86,0.926,
2021-06-20T00:00:00Z,3.35E+07,3892,11408,601966,89,289.286,101334.359,11.758,34.465,1818.614,0.269,0.874,0.92,3661,11.06,12484,37.716,,,13410,40.513,329408,4.64E+08,1402.472,0.995,634030,1.915,0.018,55.6,tests performed,3.18E+08,1.77E+08,1.50E+08,848611,1234838,95.07,52.95,44.75,3692,58.8,3.31E+08,35.608,38.3,15.413,9.732,54225.446,1.2,151.089,10.79,19.1,24.6,,2.77,78.86,0.926,
2021-06-21T00:00:00Z,3.36E+07,12334,11351.429,602240,274,302.714,101371.621,37.263,34.294,1819.442,0.828,0.915,0.94,3707,11.199,12577,37.997,,,,40.513,562058,4.65E+08,1404.17,1.698,628819,1.9,0.018,55.6,tests performed,3.19E+08,1.77E+08,1.50E+08,610033,1132945,95.26,53.03,44.86,3388,61.57,3.31E+08,35.608,38.3,15.413,9.732,54225.446,1.2,151.089,10.79,19.1,24.6,,2.77,78.86,0.926,
2021-06-22T00:00:00Z,3.36E+07,10940,11299.286,602565,325,303.429,101404.672,33.051,34.137,1820.424,0.982,0.917,0.95,3743,11.308,12520,37.824,,,,40.513,772629,4.66E+08,1406.505,2.334,620828,1.876,0.019,52.6,tests performed,3.19E+08,1.78E+08,1.50E+08,647403,1048167,95.45,53.11,44.98,3134,61.57,3.31E+08,35.608,38.3,15.413,9.732,54225.446,1.2,151.089,10.79,19.1,24.6,,2.77,78.86,0.926,
2021-06-23T00:00:00Z,3.36E+07,12436,11300.857,602943,378,303.571,101442.243,37.571,34.141,1821.565,1.142,0.917,0.96,3699,11.175,12597,38.057,,,,40.513,754737,4.66E+08,1408.785,2.28,616397,1.862,0.019,52.6,tests performed,3.20E+08,1.78E+08,1.51E+08,648209,993840,95.64,53.21,45.09,2972,61.57,3.31E+08,35.608,38.3,15.413,9.732,54225.446,1.2,151.089,10.79,19.1,24.6,,2.77,78.86,0.926,
2021-06-24T00:00:00Z,3.36E+07,12830,11649,603287,344,311.857,101481.004,38.761,35.193,1822.605,1.039,0.942,0.99,3635,10.982,12377,37.392,,,,40.513,681468,4.67E+08,1410.844,2.059,611178,1.846,0.02,50,tests performed,3.21E+08,1.78E+08,1.51E+08,815152,816831,95.89,53.32,45.23,2442,61.57,3.31E+08,35.608,38.3,15.413,9.732,54225.446,1.2,151.089,10.79,19.1,24.6,,2.77,78.86,0.926,
2021-06-25T00:00:00Z,3.36E+07,23715,12095.286,603784,497,297.143,101552.65,71.646,36.541,1824.106,1.501,0.898,1.01,3616,10.924,12392,37.438,,,,40.513,664620,4.68E+08,1412.851,2.008,608221,1.838,0.02,50,tests performed,3.21E+08,1.78E+08,1.52E+08,512174,735800,96.04,53.37,45.33,2200,61.57,3.31E+08,35.608,38.3,15.413,9.732,54225.446,1.2,151.089,10.79,19.1,24.6,,2.77,78.86,0.926,
2021-06-26T00:00:00Z,3.36E+07,7303,11921.429,603932,148,293.571,101574.713,22.063,36.016,1824.553,0.447,0.887,1.03,3560,10.755,12223,36.927,,,,40.513,486675,4.68E+08,1414.322,1.47,607371,1.835,0.02,50,tests performed,3.22E+08,1.79E+08,1.52E+08,923724,715044,96.32,53.48,45.5,2138,61.57,3.31E+08,35.608,38.3,15.413,9.732,54225.446,1.2,151.089,10.79,19.1,24.6,,2.77,78.86,0.926,
2021-06-27T00:00:00Z,3.36E+07,3920,11925.429,604007,75,291.571,101586.556,11.843,36.028,1824.78,0.227,0.881,1.05,3522,10.64,12218,36.912,,,13380,40.423,335389,4.68E+08,1415.335,1.013,608225,1.838,0.02,50,tests performed,3.23E+08,1.79E+08,1.53E+08,1204225,765846,96.68,53.6,45.76,2290,61.57,3.31E+08,35.608,38.3,15.413,9.732,54225.446,1.2,151.089,10.79,19.1,24.6,,2.77,78.86,0.926,
2021-06-28T00:00:00Z,3.36E+07,15083,12318.143,604159,152,274.143,101632.124,45.568,37.215,1825.239,0.459,0.828,1.07,3615,10.921,12492,37.74,,,,40.423,541927,4.69E+08,1416.972,1.637,605349,1.829,0.021,47.6,tests performed,3.24E+08,1.80E+08,1.54E+08,1087043,833990,97,53.71,45.98,2494,61.57,3.31E+08,35.608,38.3,15.413,9.732,54225.446,1.2,151.089,10.79,19.1,24.6,,2.77,78.86,0.926,
2021-06-29T00:00:00Z,3.37E+07,11350,12376.714,604476,317,273,101666.414,34.29,37.392,1826.197,0.958,0.825,1.06,3674,11.1,12639,38.184,,,,40.423,688063,4.70E+08,1419.051,2.079,593268,1.792,0.022,45.5,tests performed,3.25E+08,1.80E+08,1.54E+08,738476,847000,97.22,53.8,46.11,2533,61.57,3.31E+08,35.608,38.3,15.413,9.732,54225.446,1.2,151.089,10.79,19.1,24.6,,2.77,78.86,0.926,
2021-06-30T00:00:00Z,3.37E+07,13118,12474.143,604723,247,254.286,101706.045,39.631,37.686,1826.943,0.746,0.768,1.08,3672,11.094,12860,38.852,,,,40.423,664828,4.70E+08,1421.059,2.009,580424,1.754,0.023,43.5,tests performed,3.27E+08,1.81E+08,1.55E+08,1368679,949925,97.63,54.02,46.31,2840,61.57,3.31E+08,35.608,38.3,15.413,9.732,54225.446,1.2,151.089,10.79,19.1,24.6,,2.77,78.86,0.926,
2021-07-01T00:00:00Z,3.37E+07,14463,12707.429,605028,305,248.714,101749.739,43.695,38.391,1827.865,0.921,0.751,1.11,3614,10.918,12846,38.809,,,,40.423,628139,4.71E+08,1422.957,1.898,572806,1.731,0.024,41.7,tests performed,3.28E+08,1.81E+08,1.56E+08,1630778,1066443,98.12,54.22,46.61,3189,61.57,3.31E+08,35.608,38.3,15.413,9.732,54225.446,1.2,151.089,10.79,19.1,24.6,,2.77,78.86,0.926,
2021-07-02T00:00:00Z,3.37E+07,29892,13589.857,605499,471,245,101840.047,90.307,41.057,1829.287,1.423,0.74,1.13,3663,11.066,12844,38.803,,,,40.423,585423,4.72E+08,1424.726,1.769,561492,1.696,0.025,40,tests performed,3.29E+08,1.82E+08,1.56E+08,657166,1087156,98.32,54.31,46.72,3251,61.57,3.31E+08,35.608,38.3,15.413,9.732,54225.446,1.2,151.089,10.79,19.1,24.6,,2.77,78.86,0.926,
2021-07-03T00:00:00Z,3.37E+07,4739,13223.571,605579,80,235.286,101854.364,14.317,39.95,1829.529,0.242,0.711,1.15,3750,11.329,12889,38.939,,,,40.423,437012,4.72E+08,1426.046,1.32,554397,1.675,0.026,38.5,tests performed,3.30E+08,1.82E+08,1.57E+08,1161081,1121064,98.66,54.45,46.94,3352,61.57,3.31E+08,35.608,38.3,15.413,9.732,54225.446,1.2,151.089,10.79,19.1,24.6,,2.77,78.86,0.926,
2021-07-04T00:00:00Z,3.37E+07,3697,13191.714,605613,34,229.429,101865.533,11.169,39.854,1829.632,0.103,0.693,1.18,3770,11.39,13088,39.54,,,14329,43.29,253739,4.72E+08,1426.813,0.767,542733,1.64,0.027,37,tests performed,3.31E+08,1.82E+08,1.57E+08,633702,1039561,98.85,54.54,47.04,3108,61.57,3.31E+08,35.608,38.3,15.413,9.732,54225.446,1.2,151.089,10.79,19.1,24.6,,2.77,78.86,0.926,
2021-07-05T00:00:00Z,3.37E+07,5528,11826.714,605661,48,214.571,101882.234,16.701,35.73,1829.777,0.145,0.648,1.22,3881,11.725,13419,40.54,,,,43.29,299808,4.73E+08,1427.718,0.906,508145,1.535,0.03,33.3,tests performed,,,1.57E+08,,927847,,,47.04,2774,61.57,3.31E+08,35.608,38.3,15.413,9.732,54225.446,1.2,151.089,10.79,19.1,24.6,,2.77,78.86,0.926,
2021-07-06T00:00:00Z,3.37E+07,24224,13665.857,605996,335,217.143,101955.417,73.184,41.286,1830.789,1.012,0.656,1.35,3977,12.015,13957,42.166,,,,43.29,575262,4.73E+08,1429.456,1.738,492030,1.486,0.03,33.3,tests performed,3.31E+08,1.83E+08,1.58E+08,,865929,99.03,54.63,47.13,2589,61.57,3.31E+08,35.608,38.3,15.413,9.732,54225.446,1.2,151.089,10.79,19.1,24.6,,2.77,78.86,0.926,
2021-07-07T00:00:00Z,3.38E+07,22931,15067.714,606288,292,223.571,102024.695,69.277,45.521,1831.671,0.882,0.675,1.41,4131,12.48,14648,44.253,,,,43.29,758802,4.74E+08,1431.749,2.292,505455,1.527,0.031,32.3,tests performed,3.32E+08,1.83E+08,1.58E+08,437117,732848,99.17,54.69,47.22,2191,61.57,3.31E+08,35.608,38.3,15.413,9.732,54225.446,1.2,151.089,10.79,19.1,24.6,,2.77,78.86,0.926,
2021-07-08T00:00:00Z,3.38E+07,20061,15867.429,606545,257,216.714,102085.301,60.607,47.937,1832.448,0.776,0.655,1.44,4296,12.979,15054,45.48,,,,43.29,706862,4.75E+08,1433.884,2.136,516701,1.561,0.033,30.3,tests performed,3.32E+08,1.83E+08,1.58E+08,694333,599070,99.37,54.79,47.33,1791,49.54,3.31E+08,35.608,38.3,15.413,9.732,54225.446,1.2,151.089,10.79,19.1,24.6,,2.77,78.86,0.926,
2021-07-09T00:00:00Z,3.38E+07,48241,18488.714,607049,504,221.429,102231.043,145.742,55.857,1833.97,1.523,0.669,1.46,4366,13.19,15381,46.468,,,,43.29,645878,4.75E+08,1435.836,1.951,525338,1.587,0.035,28.6,tests performed,3.33E+08,1.84E+08,1.59E+08,620612,593848,99.56,54.88,47.43,1776,49.54,3.31E+08,35.608,38.3,15.413,9.732,54225.446,1.2,151.089,10.79,19.1,24.6,,2.77,78.86,0.926,
2021-07-10T00:00:00Z,3.38E+07,9038,19102.857,607188,139,229.857,102258.348,27.305,57.712,1834.39,0.42,0.694,1.46,4440,13.414,15690,47.401,,,,43.29,477587,4.76E+08,1437.278,1.443,531134,1.605,0.036,27.8,tests performed,3.34E+08,1.84E+08,1.59E+08,598995,513550,99.74,54.97,47.53,1536,49.54,3.31E+08,35.608,38.3,15.413,9.732,54225.446,1.2,151.089,10.79,19.1,24.6,,2.77,78.86,0.926,
2021-07-11T00:00:00Z,3.39E+07,6164,19455.286,607213,25,228.571,102276.971,18.622,58.777,1834.466,0.076,0.691,1.47,4632,13.994,16365,49.441,,,18296,55.274,335671,4.76E+08,1438.293,1.014,542839,1.64,0.037,27,tests performed,3.34E+08,1.84E+08,1.59E+08,586244,506771,99.91,55.06,47.62,1515,49.54,3.31E+08,35.608,38.3,15.413,9.732,54225.446,1.2,151.089,10.79,19.1,24.6,,2.77,78.86,0.926,
2021-07-12T00:00:00Z,3.39E+07,35013,23667.429,607456,243,256.429,102382.749,105.779,71.502,1835.2,0.734,0.775,1.5,4877,14.734,17296,52.253,,,,55.274,569331,4.77E+08,1440.013,1.72,581342,1.756,0.038,26.3,tests performed,3.35E+08,1.84E+08,1.59E+08,449122,527353,100.05,55.13,47.69,1577,49.54,3.31E+08,35.608,38.3,15.413,9.732,54225.446,1.2,151.089,10.79,19.1,24.6,,2.77,78.86,0.926,
2021-07-13T00:00:00Z,3.39E+07,26424,23981.714,607810,354,259.143,102462.579,79.83,72.452,1836.269,1.069,0.783,1.49,5065,15.302,18166,54.882,,,,55.274,715643,4.77E+08,1442.175,2.162,601396,1.817,0.041,24.4,tests performed,3.35E+08,1.85E+08,1.60E+08,341466,532556,100.15,55.18,47.74,1592,49.54,3.31E+08,35.608,38.3,15.413,9.732,54225.446,1.2,151.089,10.79,19.1,24.6,,2.77,78.86,0.926,
2021-07-14T00:00:00Z,3.39E+07,31845,25255.143,608141,331,264.714,102558.787,96.208,76.299,1837.269,1,0.8,1.49,5248,15.855,19037,57.513,,,,55.274,728850,4.78E+08,1444.377,2.202,597117,1.804,0.044,22.7,tests performed,3.35E+08,1.85E+08,1.60E+08,545543,548045,100.31,55.27,47.88,1639,49.54,3.31E+08,35.608,38.3,15.413,9.732,54225.446,1.2,151.089,10.79,19.1,24.6,,2.77,78.86,0.926,
2021-07-15T00:00:00Z,3.40E+07,28412,26448.143,608424,283,268.429,102644.623,85.836,79.903,1838.124,0.855,0.811,1.51,5467,16.516,19851,59.972,,,,55.274,720416,4.79E+08,1446.553,2.176,599054,1.81,,,tests performed,3.36E+08,1.85E+08,1.60E+08,567174,529879,100.48,55.36,47.96,1584,49.54,3.31E+08,35.608,38.3,15.413,9.732,54225.446,1.2,151.089,10.79,19.1,24.6,,2.77,78.86,0.926,
2021-07-16T00:00:00Z,3.41E+07,79310,30886.571,608815,391,252.286,102884.229,239.605,93.312,1839.306,1.181,0.762,1.53,5670,17.13,20531,62.027,,,,55.274,646789,4.79E+08,1448.507,1.954,599184,1.81,,,tests performed,3.37E+08,1.85E+08,1.61E+08,549205,519678,100.65,55.44,48.05,1554,49.54,3.31E+08,35.608,38.3,15.413,9.732,54225.446,1.2,151.089,10.79,19.1,24.6,,2.77,78.86,0.926,
2021-07-17T00:00:00Z,3.41E+07,12960,31446.857,608884,69,242.286,102923.382,39.154,95.005,1839.514,0.208,0.732,1.52,5668,17.124,20515,61.978,,,,55.274,434523,4.80E+08,1449.82,1.313,593032,1.792,,,tests performed,3.37E+08,1.86E+08,1.61E+08,635290,524863,100.84,55.54,48.14,1569,49.54,3.31E+08,35.608,38.3,15.413,9.732,54225.446,1.2,151.089,10.79,19.1,24.6,,2.77,78.86,0.926,
2021-07-18T00:00:00Z,3.41E+07,12048,32287.429,609019,135,258,102959.781,36.399,97.544,1839.922,0.408,0.779,1.53,,,,61.978,,,,,283897,4.80E+08,1450.677,0.858,585636,1.769,,,tests performed,3.38E+08,1.86E+08,1.61E+08,500910,512673,100.99,55.63,48.21,1533,49.54,3.31E+08,35.608,38.3,15.413,9.732,54225.446,1.2,151.089,10.79,19.1,24.6,,2.77,78.86,0.926,
2021-07-19T00:00:00Z,3.41E+07,52111,34730,609231,212,253.571,103117.215,157.434,104.924,1840.562,0.64,0.766,1.54,,,,61.978,,,,,357436,4.81E+08,1451.757,1.08,555365,1.678,,,tests performed,3.38E+08,1.86E+08,1.61E+08,507076,520952,101.14,55.71,48.28,1558,49.54,3.31E+08,35.608,38.3,15.413,9.732,54225.446,1.2,151.089,10.79,19.1,24.6,,2.77,78.86,0.926,
2021-07-20T00:00:00Z,3.42E+07,42703,37055.571,609529,298,245.571,103246.226,129.011,111.949,1841.463,0.9,0.742,1.54,,,,61.978,,,,,236897,4.81E+08,1452.473,0.716,486973,1.471,,,tests performed,3.38E+08,1.86E+08,1.62E+08,243940,507020,101.21,55.76,48.33,1516,,3.31E+08,35.608,38.3,15.413,9.732,54225.446,1.2,151.089,10.79,19.1,24.6,,2.77,78.86,0.926,
2021-07-21T00:00:00Z,3.42E+07,52032,39939.429,609862,333,245.857,103403.421,157.195,120.662,1842.469,1.006,0.743,1.55,,,,61.978,,,,,,,,,,,,,,3.39E+08,1.87E+08,1.62E+08,611493,516441,101.39,55.86,48.41,1544,,3.31E+08,35.608,38.3,15.413,9.732,54225.446,1.2,151.089,10.79,19.1,24.6,,2.77,78.86,0.926,
2021-07-22T00:00:00Z,3.43E+07,55058,43746,610177,315,250.429,103569.758,166.337,132.162,1843.42,0.952,0.757,1.57,,,,61.978,,,,,,,,,,,,,,3.40E+08,1.87E+08,1.62E+08,660898,529830,101.59,55.98,48.49,1584,,3.31E+08,35.608,38.3,15.413,9.732,54225.446,1.2,151.089,10.79,19.1,24.6,,2.77,78.86,0.926,
2021-07-23T00:00:00Z,3.44E+07,118791,49386.143,610720,543,272.143,103928.64,358.882,149.202,1845.061,1.64,0.822,,,,,61.978,,,,,,,,,,,,,,3.40E+08,1.88E+08,1.62E+08,600157,537109,101.77,56.09,48.57,1606,,3.31E+08,35.608,38.3,15.413,9.732,54225.446,1.2,151.089,10.79,19.1,24.6,,2.77,78.86,0.926,
2021-07-24T00:00:00Z,3.44E+07,27395,51448.286,610835,115,278.714,104011.404,82.764,155.432,1845.408,0.347,0.842,,,,,61.978,,,,,,,,,,,,,,3.41E+08,1.88E+08,1.63E+08,676050,542932,101.97,56.21,48.66,1623,,3.31E+08,35.608,38.3,15.413,9.732,54225.446,1.2,151.089,10.79,19.1,24.6,,2.77,78.86,0.926,